Country,City,University,Program,Level,Duration_Years,Tuition_USD,Living_Cost_Index,Rent_USD,Visa_Fee_USD,Insurance_USD,Exchange_Rate,Total_Cost_USD
Usa,Cambridge,Harvard University,Computer Science,Master,2.0,55400,83.5,2200,160,1500,1.0,166760.0
Uk,London,Imperial College London,Data Science,Master,1.0,41200,75.8,1800,485,800,0.79,64085.0
Canada,Toronto,University Of Toronto,Business Analytics,Master,2.0,38500,72.5,1600,235,900,1.35,117435.0
Australia,Melbourne,University Of Melbourne,Engineering,Master,2.0,42000,71.2,1400,450,650,1.52,119350.0
Germany,Munich,Technical University Of Munich,Mechanical Engineering,Master,2.0,500,70.5,1100,75,550,0.92,28575.0
Japan,Tokyo,University Of Tokyo,Information Science,Master,2.0,8900,76.4,1300,220,750,145.8,50720.0
Netherlands,Amsterdam,University Of Amsterdam,Artificial Intelligence,Master,1.0,15800,73.2,1500,180,720,0.92,34700.0
Singapore,Singapore,National University Of Singapore,Finance,Master,1.5,35000,81.1,1900,90,800,1.34,87990.0
France,Paris,Sorbonne University,International Relations,Master,2.0,4500,74.6,1400,99,650,0.92,43999.0
Switzerland,Zurich,Eth Zurich,Physics,Master,2.0,1460,91.5,2100,88,1200,0.89,55808.0
Sweden,Stockholm,Kth Royal Institute,Sustainable Technology,Master,2.0,0,71.8,1200,110,400,10.45,29710.0
Denmark,Copenhagen,University Of Copenhagen,Bioinformatics,Master,2.0,0,73.4,1300,120,450,6.92,32220.0
China,Beijing,Tsinghua University,Computer Engineering,Master,2.5,8900,52.3,800,140,400,7.18,47390.0
South Korea,Seoul,Seoul National University,Digital Media,Master,2.0,7200,68.7,900,130,500,1320.5,37130.0
Ireland,Dublin,Trinity College Dublin,Data Analytics,Master,1.0,28900,72.9,1600,150,650,0.92,48900.0
South Korea,Busan,Pusan National University,Business,Bachelor,4.0,5900,62.4,700,130,500,1320.5,59330.0
New Zealand,Auckland,University Of Auckland,Marine Biology,Bachelor,3.0,28500,69.8,1200,245,600,1.64,130745.0
Austria,Vienna,University Of Vienna,Social Sciences,Bachelor,3.0,1500,67.4,950,160,500,0.92,40360.0
Belgium,Brussels,Ku Leuven,Biomedical Sciences,Bachelor,3.0,3500,68.9,1000,180,550,0.92,48330.0
Usa,Ann Arbor,University Of Michigan,Aerospace Engineering,Bachelor,4.0,52300,72.5,1800,160,1500,1.0,301760.0
Usa,Atlanta,Georgia Tech,Industrial Engineering,Bachelor,4.0,43800,71.5,1700,160,1500,1.0,262960.0
Usa,Austin,Ut Austin,Chemical Engineering,Bachelor,4.0,40900,72.4,1600,160,1500,1.0,246560.0
Uk,Bristol,University Of Bristol,Mathematics,Bachelor,3.0,31200,69.8,1100,485,800,0.79,136085.0
Canada,Ottawa,University Of Ottawa,Political Science,Bachelor,4.0,28900,68.5,1300,235,900,1.35,181835.0
Hong Kong,Hong Kong,Hkust,Finance,Bachelor,4.0,22000,78.6,1500,120,600,7.82,162520.0
Portugal,Lisbon,University Of Lisbon,Architecture,Bachelor,3.0,3500,58.4,800,120,450,0.92,40770.0
Israel,Tel Aviv,Tel Aviv University,Computer Science,Bachelor,3.0,12000,76.2,1200,150,800,3.72,81750.0
Taiwan,Taipei,National Taiwan University,Electronics Engineering,Bachelor,4.0,5200,62.8,700,140,450,31.2,56340.0
Czech Republic,Prague,Charles University,Medicine,Bachelor,3.0,9800,54.6,650,100,400,22.5,54100.0
Usa,Stanford,Stanford University,Computer Science,Phd,5.0,54200,89.5,2300,160,1500,1.0,416660.0
Usa,Boston,Mit,Electrical Engineering,Phd,5.0,53800,83.2,2200,160,1500,1.0,408660.0
Uk,Oxford,University Of Oxford,Biomedical Sciences,Phd,4.0,29800,74.5,1600,485,800,0.79,199685.0
Uk,Cambridge,University Of Cambridge,Physics,Phd,4.0,31200,75.2,1700,485,800,0.79,210085.0
Germany,Heidelberg,Heidelberg University,Molecular Biology,Phd,3.0,500,68.4,900,75,550,0.92,35625.0
Switzerland,Basel,Eth Basel,Pharmaceutical Sciences,Phd,4.0,1500,88.6,1800,88,1200,0.89,97288.0
Netherlands,Delft,Tu Delft,Robotics,Phd,4.0,4800,71.8,1200,180,720,0.92,79860.0
Singapore,Singapore,Ntu Singapore,Data Science,Phd,4.0,8900,81.5,1600,90,800,1.34,115690.0
Canada,Waterloo,University Of Waterloo,Quantum Computing,Phd,4.0,21500,69.8,1300,235,900,1.35,152235.0
Australia,Canberra,Australian National University,Climate Science,Phd,4.0,29800,70.2,1400,450,650,1.52,189450.0
Sweden,Lund,Lund University,Neuroscience,Phd,4.0,0,69.5,1000,110,400,10.45,49710.0
Usa,San Diego,Uc San Diego,Computer Science,Bachelor,4.0,44200,79.5,1900,160,1500,1.0,274160.0
Usa,Seattle,University Of Washington,Computer Science,Master,2.0,38900,83.4,2000,160,1500,1.0,128960.0
Canada,Edmonton,University Of Alberta,Computer Science,Phd,4.0,22800,67.8,1200,235,900,1.35,152635.0
Uk,Glasgow,University Of Glasgow,Computer Science,Master,1.0,33500,67.5,1100,485,800,0.79,47985.0
India,Bangalore,Indian Institute Of Science,Computer Science,Master,2.0,2500,45.6,500,200,300,83.2,17800.0
Denmark,Aalborg,Aalborg University,Computer Science,Bachelor,3.0,0,69.8,900,120,450,6.92,33870.0
Poland,Warsaw,University Of Warsaw,Computer Science,Master,2.0,3800,51.2,650,80,350,4.02,23980.0
Ireland,Galway,Nui Galway,Computer Science,Bachelor,4.0,25800,68.5,1100,150,650,0.92,158750.0
South Korea,Daejeon,Kaist,Computer Science,Phd,4.0,6900,65.4,700,130,500,1320.5,63330.0
Malaysia,Kuala Lumpur,University Of Malaya,Computer Science,Bachelor,4.0,4800,48.2,500,110,300,4.72,44510.0
Usa,Berkeley,Uc Berkeley,Computer Science,Bachelor,4.0,44900,84.2,2100,160,1500,1.0,286560.0
Uk,Manchester,University Of Manchester,Economics,Bachelor,3.0,32000,68.4,1200,485,800,0.79,142085.0
Canada,Vancouver,University Of British Columbia,Psychology,Bachelor,4.0,31200,71.2,1700,235,900,1.35,210235.0
Australia,Sydney,University Of Sydney,Business,Bachelor,3.0,35000,72.8,1600,450,650,1.52,165000.0
Germany,Berlin,Free University Of Berlin,International Business,Bachelor,3.0,0,65.2,900,75,550,0.92,34125.0
Spain,Barcelona,University Of Barcelona,Architecture,Bachelor,4.0,2800,62.4,950,160,500,0.92,58960.0
Italy,Milan,Politecnico Di Milano,Design,Bachelor,3.0,4200,63.8,1100,120,650,0.92,54270.0
Netherlands,Rotterdam,Erasmus University,Economics,Bachelor,3.0,11200,71.5,1300,180,720,0.92,82740.0
Finland,Helsinki,University Of Helsinki,Computer Science,Bachelor,3.0,0,70.2,1100,120,400,0.92,40920.0
Norway,Oslo,University Of Oslo,Environmental Science,Bachelor,3.0,0,75.6,1400,135,450,10.45,51885.0
Japan,Osaka,Osaka University,Engineering,Bachelor,4.0,6800,71.2,900,220,750,145.8,73620.0
Japan,Kyoto,Kyoto University,Computer Science,Master,2.0,8500,71.8,900,220,750,145.8,40320.0
Japan,Nagoya,Nagoya University,Information Science,Bachelor,4.0,7800,68.5,750,220,750,145.8,70420.0
Japan,Sendai,Tohoku University,Software Engineering,Master,2.0,8200,65.4,650,220,750,145.8,33720.0
Japan,Fukuoka,Kyushu University,Computer Engineering,Bachelor,4.0,7500,64.8,600,220,750,145.8,62020.0
Japan,Sapporo,Hokkaido University,Data Science,Master,2.0,8100,63.5,550,220,750,145.8,31120.0
Japan,Tokyo,Tokyo Institute Of Technology,Artificial Intelligence,Phd,3.0,8900,76.4,1100,220,750,145.8,68770.0
Japan,Tsukuba,University Of Tsukuba,Information Systems,Bachelor,4.0,7200,64.2,600,220,750,145.8,60820.0
Japan,Kobe,Kobe University,Computer Science,Master,2.0,7900,67.8,700,220,750,145.8,34320.0
Japan,Kanazawa,Kanazawa University,Software Engineering,Bachelor,4.0,7100,62.5,500,220,750,145.8,55620.0
Japan,Hiroshima,Hiroshima University,Information Technology,Master,2.0,7600,63.8,550,220,750,145.8,30120.0
Australia,Adelaide,University Of Adelaide,Computer Science,Bachelor,3.0,32800,68.5,1100,450,650,1.52,140400.0
Australia,Perth,University Of Western Australia,Software Engineering,Master,2.0,34500,69.8,1200,450,650,1.52,99550.0
Australia,Gold Coast,Griffith University,Information Technology,Bachelor,3.0,31200,67.5,1100,450,650,1.52,135600.0
Australia,Hobart,University Of Tasmania,Data Science,Master,2.0,30800,65.4,950,450,650,1.52,86150.0
Australia,Newcastle,University Of Newcastle,Computer Engineering,Bachelor,4.0,31500,66.8,1000,450,650,1.52,177050.0
Australia,Wollongong,University Of Wollongong,Artificial Intelligence,Master,2.0,32900,67.2,1050,450,650,1.52,92750.0
Australia,Darwin,Charles Darwin University,Information Systems,Bachelor,3.0,29800,64.5,900,450,650,1.52,124200.0
Australia,Townsville,James Cook University,Data Analytics,Master,2.0,31200,65.8,950,450,650,1.52,86950.0
Australia,Sunshine Coast,Usc,Software Development,Bachelor,3.0,29500,66.2,1000,450,650,1.52,126900.0
Australia,Armidale,University Of New England,Computing Science,Master,2.0,30500,64.8,850,450,650,1.52,83150.0
Germany,Dresden,Tu Dresden,Computer Science,Master,2.0,500,65.8,750,75,550,0.92,20175.0
Germany,Stuttgart,University Of Stuttgart,Software Engineering,Bachelor,3.0,450,68.5,850,75,550,0.92,33675.0
Germany,Hamburg,Tu Hamburg,Data Engineering,Master,2.0,500,71.2,950,75,550,0.92,24975.0
Germany,Aachen,Rwth Aachen,Computer Engineering,Bachelor,3.0,500,66.4,700,75,550,0.92,28425.0
Germany,Karlsruhe,Kit,Artificial Intelligence,Master,2.0,500,67.8,800,75,550,0.92,21375.0
Germany,Darmstadt,Tu Darmstadt,Information Systems,Bachelor,3.0,450,66.9,750,75,550,0.92,30075.0
Germany,Braunschweig,Tu Braunschweig,Software Systems,Master,2.0,500,64.5,650,75,550,0.92,17775.0
Germany,Jena,University Of Jena,Data Science,Bachelor,3.0,450,63.8,600,75,550,0.92,24675.0
Germany,Hannover,Leibniz University,Digital Engineering,Master,2.0,500,66.2,750,75,550,0.92,20175.0
Germany,Freiburg,University Of Freiburg,Robotics & Ai,Master,2.0,500,67.5,800,75,550,0.92,21375.0
Usa,Philadelphia,University Of Pennsylvania,Computer Science,Master,2.0,51900,76.8,1900,160,1500,1.0,152560.0
Usa,Chicago,University Of Chicago,Data Analytics,Master,2.0,52400,78.9,2000,160,1500,1.0,155960.0
Usa,Baltimore,Johns Hopkins,Artificial Intelligence,Phd,5.0,53600,72.5,1700,160,1500,1.0,377660.0
Usa,Nashville,Vanderbilt University,Computer Engineering,Bachelor,4.0,50800,71.2,1600,160,1500,1.0,286160.0
Usa,Durham,Duke University,Software Engineering,Master,2.0,51500,70.8,1500,160,1500,1.0,142160.0
Usa,Madison,University Of Wisconsin,Computer Science,Phd,5.0,38200,69.5,1400,160,1500,1.0,282660.0
Usa,Tempe,Arizona State University,Information Technology,Bachelor,4.0,41200,70.2,1300,160,1500,1.0,233360.0
Usa,Boulder,University Of Colorado,Data Science,Master,2.0,39800,71.5,1600,160,1500,1.0,121160.0
Usa,Minneapolis,University Of Minnesota,Computer Science,Bachelor,4.0,42500,72.8,1500,160,1500,1.0,248160.0
Usa,Davis,Uc Davis,Computer Engineering,Master,2.0,42800,73.5,1700,160,1500,1.0,129560.0
Uk,London,University College London,Computer Science,Master,1.0,39200,76.2,1900,485,800,0.79,63285.0
Uk,Leeds,University Of Leeds,Software Engineering,Bachelor,3.0,28500,65.8,950,485,800,0.79,122585.0
Uk,Warwick,University Of Warwick,Data Science,Master,1.0,36800,67.2,1000,485,800,0.79,50085.0
Uk,Sheffield,University Of Sheffield,Artificial Intelligence,Phd,3.0,27900,64.5,850,485,800,0.79,117185.0
Uk,Birmingham,University Of Birmingham,Computer Engineering,Bachelor,3.0,29500,66.8,950,485,800,0.79,125585.0
Uk,Southampton,University Of Southampton,Cybersecurity,Master,1.0,32400,65.9,900,485,800,0.79,44485.0
Uk,Nottingham,University Of Nottingham,Computer Science,Bachelor,3.0,28900,64.8,850,485,800,0.79,120185.0
Uk,Cardiff,Cardiff University,Software Development,Master,1.0,31200,64.2,800,485,800,0.79,42085.0
Uk,Belfast,Queen'S University Belfast,Computing Systems,Bachelor,3.0,27500,63.5,750,485,800,0.79,112385.0
Uk,Newcastle,Newcastle University,Data Analytics,Master,1.0,30800,64.6,800,485,800,0.79,41685.0
Canada,Hamilton,Mcmaster University,Software Engineering,Bachelor,4.0,32500,68.5,1200,235,900,1.35,191435.0
Canada,London On,Western University,Computer Science,Master,2.0,29800,65.8,1100,235,900,1.35,88035.0
Canada,Halifax,Dalhousie University,Data Science,Master,2.0,28500,64.5,1200,235,900,1.35,87835.0
Canada,Victoria,University Of Victoria,Computer Engineering,Bachelor,4.0,27900,69.2,1300,235,900,1.35,177835.0
Canada,Quebec City,Laval University,Artificial Intelligence,Master,2.0,21500,63.8,900,235,900,1.35,66635.0
Canada,Winnipeg,University Of Manitoba,Computer Science,Bachelor,4.0,26800,62.5,950,235,900,1.35,156635.0
Canada,Regina,University Of Regina,Software Systems,Bachelor,4.0,25500,61.8,900,235,900,1.35,149035.0
Canada,St. John'S,Memorial University,Computer Science,Master,2.0,19800,63.2,950,235,900,1.35,64435.0
Canada,Saskatoon,University Of Saskatchewan,Data Analytics,Master,2.0,24500,62.8,1000,235,900,1.35,75035.0
Canada,Sherbrooke,Université De Sherbrooke,Computer Engineering,Phd,4.0,20500,61.5,850,235,900,1.35,126635.0
Usa,Pittsburgh,Carnegie Mellon,Computer Science,Master,2.0,51200,72.4,1800,160,1500,1.0,148760.0
Usa,Urbana-Champaign,Uiuc,Computer Science,Phd,5.0,45800,68.5,1400,160,1500,1.0,320660.0
Canada,Calgary,University Of Calgary,Software Engineering,Bachelor,4.0,26500,69.2,1300,235,900,1.35,172235.0
Brazil,Sao Paulo,University Of Sao Paulo,Computer Science,Master,2.0,0,48.5,600,160,400,4.95,15360.0
Turkey,Istanbul,Bogazici University,Computer Engineering,Bachelor,4.0,1800,42.8,450,100,300,30.5,30100.0
Russia,Moscow,Moscow State University,Applied Mathematics,Master,2.0,3900,51.2,700,120,350,92.8,25420.0
Mexico,Mexico City,Unam,Computer Engineering,Bachelor,4.0,800,44.6,500,160,400,17.2,28960.0
Greece,Athens,National Technical University,Software Engineering,Master,2.0,2500,54.8,550,120,400,0.92,19120.0
Thailand,Bangkok,Chulalongkorn University,Computer Science,Bachelor,4.0,3800,46.5,450,140,300,35.2,38140.0
Uae,Dubai,American University In Dubai,Computer Science,Bachelor,4.0,29500,72.4,1200,270,800,3.67,179070.0
Usa,New York,Columbia University,Data Science,Master,2.0,52800,100.0,2500,160,1500,1.0,168760.0
Usa,Ithaca,Cornell University,Computer Science,Phd,5.0,49800,70.5,1600,160,1500,1.0,352660.0
China,Shenzhen,Sustech,Artificial Intelligence,Master,2.0,8200,58.4,800,140,400,7.18,36540.0
South Africa,Cape Town,University Of Cape Town,Computer Science,Bachelor,3.0,5900,49.2,600,140,400,18.72,40640.0
Egypt,Cairo,American University In Cairo,Computer Engineering,Bachelor,4.0,19800,38.4,450,130,350,30.9,102330.0
Argentina,Buenos Aires,University Of Buenos Aires,Software Engineering,Bachelor,5.0,0,42.6,400,150,300,821.5,25650.0
Indonesia,Jakarta,University Of Indonesia,Information Systems,Bachelor,4.0,4200,45.8,500,130,300,15640.0,42130.0
Saudi Arabia,Riyadh,King Saud University,Computer Science,Master,2.0,7800,52.4,800,250,600,3.75,36250.0
Nigeria,Lagos,University Of Lagos,Computer Engineering,Bachelor,4.0,2500,40.2,400,180,300,860.2,30580.0
Vietnam,Ho Chi Minh City,Hcmut,Software Engineering,Bachelor,4.0,3200,43.6,450,120,250,24450.0,35520.0
Netherlands,Eindhoven,Tu Eindhoven,Computer Science,Master,2.0,15600,69.8,950,180,720,0.92,55620.0
Netherlands,Enschede,University Of Twente,Artificial Intelligence,Bachelor,3.0,11200,65.4,750,180,720,0.92,62940.0
Netherlands,Groningen,University Of Groningen,Computing Science,Master,2.0,14800,66.8,800,180,720,0.92,50420.0
Netherlands,Maastricht,Maastricht University,Data Science,Bachelor,3.0,11500,67.2,850,180,720,0.92,67440.0
Netherlands,Nijmegen,Radboud University,Software Science,Master,2.0,14500,66.5,800,180,720,0.92,49820.0
Netherlands,Tilburg,Tilburg University,Information Systems,Bachelor,3.0,11300,65.8,750,180,720,0.92,63240.0
Netherlands,Utrecht,Utrecht University,Game Technology,Master,2.0,15200,70.2,1000,180,720,0.92,56020.0
Netherlands,Leiden,Leiden University,Computer Engineering,Bachelor,3.0,11400,69.5,950,180,720,0.92,70740.0
Netherlands,Wageningen,Wageningen University,Bioinformatics,Master,2.0,14900,65.2,750,180,720,0.92,49420.0
Netherlands,Amsterdam,Vu Amsterdam,Business Analytics,Master,2.0,15400,73.5,1100,180,720,0.92,58820.0
Singapore,Singapore,Nanyang Technological University,Computer Science,Bachelor,4.0,32500,81.1,1500,90,800,1.34,205290.0
Singapore,Singapore,Singapore Management University,Information Systems,Bachelor,4.0,31800,81.1,1500,90,800,1.34,202490.0
Singapore,Singapore,Sutd,Computer Science & Design,Bachelor,4.0,31200,81.1,1500,90,800,1.34,200090.0
Singapore,Singapore,Sit,Software Engineering,Bachelor,4.0,29800,81.1,1500,90,800,1.34,194490.0
Singapore,Singapore,Nus,Artificial Intelligence,Master,2.0,35600,81.1,1500,90,800,1.34,108890.0
Singapore,Singapore,Ntu,Data Science & Ai,Master,2.0,34900,81.1,1500,90,800,1.34,107490.0
Singapore,Singapore,Sutd,Technology & Innovation,Master,2.0,33800,81.1,1500,90,800,1.34,105290.0
Singapore,Singapore,Smu,Computing & Innovation,Master,2.0,34200,81.1,1500,90,800,1.34,106090.0
Singapore,Singapore,Nus,Computer Engineering,Phd,4.0,38500,81.1,1500,90,800,1.34,229290.0
Singapore,Singapore,Ntu,Digital Systems & Ai,Phd,4.0,37900,81.1,1500,90,800,1.34,226890.0
France,Paris,École Polytechnique,Computer Science,Master,2.0,15600,74.6,1500,99,650,0.92,68599.0
France,Toulouse,Insa Toulouse,Software Engineering,Bachelor,3.0,4200,65.8,750,99,650,0.92,41649.0
France,Lyon,École Normale Supérieure Lyon,Data Science,Master,2.0,4800,68.5,850,99,650,0.92,31399.0
France,Grenoble,Grenoble Inp,Artificial Intelligence,Master,2.0,4500,66.4,800,99,650,0.92,29599.0
France,Nice,Université Nice Sophia Antipolis,Computer Engineering,Bachelor,3.0,3900,69.2,900,99,650,0.92,46149.0
France,Bordeaux,University Of Bordeaux,Information Systems,Master,2.0,4200,67.8,850,99,650,0.92,30199.0
France,Lille,Université De Lille,Software Development,Bachelor,3.0,3800,65.5,750,99,650,0.92,40449.0
France,Rennes,Insa Rennes,Cybersecurity,Master,2.0,4500,64.8,700,99,650,0.92,27199.0
France,Strasbourg,University Of Strasbourg,Digital Systems,Bachelor,3.0,3900,66.2,800,99,650,0.92,42549.0
France,Montpellier,University Of Montpellier,Data Engineering,Master,2.0,4100,65.9,750,99,650,0.92,27599.0
Switzerland,Lausanne,Epfl,Computer Science,Master,2.0,1460,89.8,1900,88,1200,0.89,51008.0
Switzerland,Geneva,University Of Geneva,Data Science,Bachelor,3.0,1380,90.5,2000,88,1200,0.89,79828.0
Switzerland,Bern,University Of Bern,Software Engineering,Master,2.0,1420,85.4,1700,88,1200,0.89,46128.0
Switzerland,St. Gallen,University Of St. Gallen,Business Informatics,Bachelor,3.0,1440,86.2,1600,88,1200,0.89,65608.0
Switzerland,Lugano,Usi,Artificial Intelligence,Master,2.0,1460,84.5,1500,88,1200,0.89,41408.0
Switzerland,Fribourg,University Of Fribourg,Computer Engineering,Bachelor,3.0,1380,83.8,1400,88,1200,0.89,58228.0
Switzerland,Neuchatel,University Of Neuchatel,Information Systems,Master,2.0,1420,84.2,1500,88,1200,0.89,41328.0
Switzerland,Basel,University Of Basel,Computational Science,Master,2.0,1440,87.5,1800,88,1200,0.89,48568.0
Switzerland,Lucerne,University Of Lucerne,Digital Innovation,Bachelor,3.0,1380,85.8,1600,88,1200,0.89,65428.0
Switzerland,Winterthur,Zhaw,Data Engineering,Master,2.0,1460,86.4,1700,88,1200,0.89,46208.0
Denmark,Copenhagen,University Of Copenhagen,Computer Science,Master,2.0,8800,83.2,1500,110,600,0.15,54910.0
Denmark,Aarhus,Aarhus University,Data Science,Master,2.0,8600,77.4,1200,110,600,0.15,47310.0
Denmark,Aalborg,Aalborg University,Software Engineering,Master,2.0,8400,75.1,1000,110,600,0.15,42110.0
China,Beijing,Tsinghua University,Computer Science,Master,3.0,8900,51.2,800,140,400,7.15,56840.0
China,Beijing,Peking University,Data Science,Master,3.0,8500,51.2,750,140,400,7.15,53840.0
China,Shanghai,Fudan University,Software Engineering,Master,2.5,7800,48.9,700,140,400,7.15,41640.0
China,Shanghai,Shanghai Jiao Tong University,Artificial Intelligence,Master,2.5,8200,48.9,720,140,400,7.15,43240.0
China,Hangzhou,Zhejiang University,Computer Engineering,Master,3.0,7500,45.3,550,140,400,7.15,43640.0
China,Nanjing,Nanjing University,Information Technology,Master,3.0,7200,44.1,500,140,400,7.15,40940.0
China,Guangzhou,Sun Yat-Sen University,Computer Science,Master,3.0,6900,43.8,480,140,400,7.15,39320.0
China,Wuhan,Wuhan University,Software Engineering,Master,3.0,6500,41.2,450,140,400,7.15,37040.0
China,Xi'An,Xi'An Jiaotong University,Data Science,Master,3.0,6300,40.5,420,140,400,7.15,35360.0
China,Chengdu,Sichuan University,Computer Engineering,Master,3.0,6100,39.8,400,140,400,7.15,34040.0
South Korea,Seoul,Seoul National University,Computer Science,Master,2.0,7200,85.1,950,90,800,1300.0,38890.0
South Korea,Seoul,Korea University,Artificial Intelligence,Master,2.0,7000,85.1,920,90,800,1300.0,37770.0
South Korea,Seoul,Yonsei University,Data Science,Master,2.0,6900,85.1,900,90,800,1300.0,37090.0
South Korea,Seoul,Hanyang University,Software Engineering,Master,2.0,6500,85.1,850,90,800,1300.0,35090.0
South Korea,Seoul,Sungkyunkwan University,Computer Engineering,Master,2.0,6400,85.1,840,90,800,1300.0,34650.0
South Korea,Daejeon,Kaist,Robotics Engineering,Master,2.0,6800,75.4,700,90,800,1300.0,32090.0
South Korea,Daejeon,Chungnam National University,Information Systems,Master,2.0,5900,75.4,650,90,800,1300.0,29090.0
South Korea,Busan,Pusan National University,Computer Science,Master,2.0,5800,73.2,600,90,800,1300.0,27690.0
South Korea,Busan,Dong-A University,Software Engineering,Master,2.0,5600,73.2,580,90,800,1300.0,26810.0
South Korea,Daegu,Kyungpook National University,Data Analytics,Master,2.0,5500,71.8,550,90,800,1300.0,25890.0
South Korea,Daegu,Yeungnam University,Computer Engineering,Master,2.0,5400,71.8,530,90,800,1300.0,25210.0
South Korea,Gwangju,Chonnam National University,Information Technology,Master,2.0,5300,70.5,520,90,800,1300.0,24770.0
South Korea,Gwangju,Chosun University,Computer Science,Master,2.0,5200,70.5,500,90,800,1300.0,24090.0
South Korea,Ulsan,Ulsan National Institute Of Science And Technology,Ai Engineering,Master,2.0,6100,72.3,580,90,800,1300.0,27810.0
South Korea,Ulsan,University Of Ulsan,Software Systems,Master,2.0,5100,72.3,550,90,800,1300.0,25090.0
South Korea,Pohang,Postech,Computer Engineering,Master,2.0,6300,71.2,570,90,800,1300.0,27970.0
South Korea,Incheon,Incheon National University,Data Science,Master,2.0,5000,76.4,600,90,800,1300.0,26090.0
South Korea,Suwon,Sungkyunkwan University (Suwon),Computer Systems,Master,2.0,5900,77.8,650,90,800,1300.0,29090.0
South Korea,Daejeon,Hanbat National University,Information Security,Master,2.0,4900,75.4,540,90,800,1300.0,24450.0
South Korea,Cheongju,Chungbuk National University,Computer Networks,Master,2.0,4800,70.1,520,90,800,1300.0,23770.0
Usa,Stanford,Stanford University,Computer Science,Bachelor,4.0,57000,95.2,2400,160,1500,1.0,349360.0
Usa,Cambridge,Mit,Computer Science,Bachelor,4.0,55800,83.5,2300,160,1500,1.0,339760.0
Usa,New Haven,Yale University,Computer Science,Bachelor,4.0,54500,79.8,2100,160,1500,1.0,324960.0
Usa,Princeton,Princeton University,Computer Science,Bachelor,4.0,54000,81.2,2000,160,1500,1.0,318160.0
Usa,Philadelphia,University Of Pennsylvania,Computer Science,Bachelor,4.0,53500,82.4,1900,160,1500,1.0,311360.0
Usa,Los Angeles,Ucla,Computer Science,Bachelor,4.0,43000,88.7,2200,160,1500,1.0,283760.0
Usa,Berkeley,Uc Berkeley,Computer Science,Bachelor,4.0,43500,91.5,2300,160,1500,1.0,290560.0
Usa,Ann Arbor,University Of Michigan,Computer Science,Bachelor,4.0,52000,75.4,1700,160,1500,1.0,295760.0
Usa,Austin,University Of Texas Austin,Computer Science,Bachelor,4.0,40500,72.8,1800,160,1500,1.0,254560.0
Usa,Seattle,University Of Washington,Computer Science,Bachelor,4.0,39800,85.6,2000,160,1500,1.0,261360.0
Usa,Madison,University Of Wisconsin-Madison,Computer Science,Bachelor,4.0,37500,71.2,1600,160,1500,1.0,232960.0
Usa,Urbana,University Of Illinois Urbana-Champaign,Computer Science,Bachelor,4.0,36800,70.5,1500,160,1500,1.0,225360.0
Usa,Atlanta,Georgia Tech,Computer Science,Bachelor,4.0,33500,76.8,1700,160,1500,1.0,221760.0
Usa,Columbus,Ohio State University,Computer Science,Bachelor,4.0,32800,71.4,1400,160,1500,1.0,204560.0
Usa,West Lafayette,Purdue University,Computer Science,Bachelor,4.0,31500,68.9,1300,160,1500,1.0,194560.0
Usa,Gainesville,University Of Florida,Computer Science,Bachelor,4.0,28500,70.2,1400,160,1500,1.0,187360.0
Usa,Tempe,Arizona State University,Computer Science,Bachelor,4.0,28000,72.5,1500,160,1500,1.0,190160.0
Usa,Raleigh,Nc State University,Computer Science,Bachelor,4.0,27500,71.8,1400,160,1500,1.0,183360.0
Usa,College Station,Texas A&M University,Computer Science,Bachelor,4.0,27000,69.5,1300,160,1500,1.0,176560.0
Usa,Corvallis,Oregon State University,Computer Science,Bachelor,4.0,26500,70.1,1300,160,1500,1.0,174560.0
Uk,Cambridge,University Of Cambridge,Computer Science,Bachelor,3.0,38500,78.5,1800,490,800,0.79,183190.0
Uk,Oxford,University Of Oxford,Computer Science,Bachelor,3.0,37900,77.8,1850,490,800,0.79,183190.0
Uk,London,Imperial College London,Computer Science,Bachelor,3.0,37500,83.2,2200,490,800,0.79,194590.0
Uk,London,University College London,Computer Science,Bachelor,3.0,36800,83.2,2100,490,800,0.79,188890.0
Uk,London,King'S College London,Computer Science,Bachelor,3.0,35500,83.2,2000,490,800,0.79,181390.0
Uk,Edinburgh,University Of Edinburgh,Computer Science,Bachelor,4.0,32500,75.4,1600,490,800,0.79,210490.0
Uk,Manchester,University Of Manchester,Computer Science,Bachelor,3.0,31800,72.1,1400,490,800,0.79,148690.0
Uk,Bristol,University Of Bristol,Computer Science,Bachelor,3.0,31500,74.8,1500,490,800,0.79,151390.0
Uk,Warwick,University Of Warwick,Computer Science,Bachelor,3.0,31200,71.5,1300,490,800,0.79,143290.0
Uk,Glasgow,University Of Glasgow,Computer Science,Bachelor,4.0,30800,73.2,1400,490,800,0.79,194090.0
Uk,Birmingham,University Of Birmingham,Computer Science,Bachelor,3.0,30500,71.8,1300,490,800,0.79,141190.0
Uk,Leeds,University Of Leeds,Computer Science,Bachelor,3.0,30200,71.2,1250,490,800,0.79,138490.0
Uk,Sheffield,University Of Sheffield,Computer Science,Bachelor,3.0,29800,70.5,1200,490,800,0.79,135490.0
Uk,Nottingham,University Of Nottingham,Computer Science,Bachelor,3.0,29500,70.8,1150,490,800,0.79,132790.0
Uk,Southampton,University Of Southampton,Computer Science,Bachelor,3.0,29200,72.4,1300,490,800,0.79,137290.0
Uk,Durham,Durham University,Computer Science,Bachelor,3.0,28900,71.6,1250,490,800,0.79,134590.0
Uk,Liverpool,University Of Liverpool,Computer Science,Bachelor,3.0,28600,70.2,1100,490,800,0.79,128290.0
Uk,Cardiff,Cardiff University,Computer Science,Bachelor,3.0,28300,69.8,1050,490,800,0.79,125590.0
Uk,Newcastle,Newcastle University,Computer Science,Bachelor,3.0,28000,70.1,1100,490,800,0.79,126490.0
Uk,Aberdeen,University Of Aberdeen,Computer Science,Bachelor,4.0,27700,69.5,1000,490,800,0.79,162490.0
Uk,Leicester,University Of Leicester,Computer Science,Bachelor,3.0,27400,68.9,950,490,800,0.79,119290.0
Uk,Reading,University Of Reading,Computer Science,Bachelor,3.0,27100,71.2,1150,490,800,0.79,125590.0
Uk,Sussex,University Of Sussex,Computer Science,Bachelor,3.0,26800,72.5,1200,490,800,0.79,126490.0
Uk,Essex,University Of Essex,Computer Science,Bachelor,3.0,26500,69.8,1000,490,800,0.79,118390.0
Uk,Bath,University Of Bath,Computer Science,Bachelor,3.0,26200,73.4,1250,490,800,0.79,126490.0
Uk,Surrey,University Of Surrey,Computer Science,Bachelor,3.0,25900,71.8,1150,490,800,0.79,121990.0
Uk,Exeter,University Of Exeter,Computer Science,Bachelor,3.0,25600,72.1,1200,490,800,0.79,122890.0
Uk,Kent,University Of Kent,Computer Science,Bachelor,3.0,25300,70.5,1100,490,800,0.79,118390.0
Uk,Dundee,University Of Dundee,Computer Science,Bachelor,4.0,25000,68.9,950,490,800,0.79,149290.0
Uk,Strathclyde,University Of Strathclyde,Computer Science,Bachelor,4.0,24700,69.2,1000,490,800,0.79,150490.0
Uk,Heriot-Watt,Heriot-Watt University,Computer Science,Bachelor,4.0,24400,69.5,1050,490,800,0.79,151690.0
Uk,Loughborough,Loughborough University,Computer Science,Bachelor,3.0,24100,68.5,900,490,800,0.79,107590.0
Uk,Brunel,Brunel University London,Computer Science,Bachelor,3.0,23800,83.2,1800,490,800,0.79,139090.0
Uk,Queen Mary,Queen Mary University Of London,Computer Science,Bachelor,3.0,23500,83.2,1900,490,800,0.79,141790.0
Uk,Royal Holloway,Royal Holloway University,Computer Science,Bachelor,3.0,23200,75.5,1400,490,800,0.79,122890.0
Uk,Lancaster,Lancaster University,Computer Science,Bachelor,3.0,22900,69.8,1000,490,800,0.79,107590.0
Uk,Swansea,Swansea University,Computer Science,Bachelor,3.0,22600,68.5,950,490,800,0.79,104890.0
Uk,Aston,Aston University,Computer Science,Bachelor,3.0,22300,71.8,1200,490,800,0.79,112990.0
Uk,Hull,University Of Hull,Computer Science,Bachelor,3.0,22000,67.9,850,490,800,0.79,99490.0
Uk,Keele,Keele University,Computer Science,Bachelor,3.0,21700,67.5,800,490,800,0.79,96790.0
Uk,Plymouth,University Of Plymouth,Computer Science,Bachelor,3.0,21400,69.2,950,490,800,0.79,101290.0
Uk,Portsmouth,University Of Portsmouth,Computer Science,Bachelor,3.0,21100,70.5,1000,490,800,0.79,102190.0
Uk,Ulster,Ulster University,Computer Science,Bachelor,3.0,20800,67.2,800,490,800,0.79,94090.0
Uk,Northumbria,Northumbria University,Computer Science,Bachelor,3.0,20500,68.5,900,490,800,0.79,96790.0
Uk,Coventry,Coventry University,Computer Science,Bachelor,3.0,20200,69.8,950,490,800,0.79,97690.0
Uk,Oxford Brookes,Oxford Brookes University,Computer Science,Bachelor,3.0,19900,77.8,1500,490,800,0.79,116590.0
Uk,De Montfort,De Montfort University,Computer Science,Bachelor,3.0,19600,68.9,900,490,800,0.79,94090.0
Uk,Westminster,University Of Westminster,Computer Science,Bachelor,3.0,19300,83.2,1800,490,800,0.79,125590.0
Uk,Greenwich,University Of Greenwich,Computer Science,Bachelor,3.0,19000,83.2,1700,490,800,0.79,121090.0
Uk,Kingston,Kingston University,Computer Science,Bachelor,3.0,18700,83.2,1600,490,800,0.79,116590.0
Canada,Toronto,University Of Toronto,Computer Science,Bachelor,4.0,45200,73.5,1800,235,600,1.35,269835.0
Canada,Toronto,University Of Toronto,Computer Science,Master,2.0,28500,73.5,1800,235,600,1.35,101635.0
Canada,Vancouver,University Of British Columbia,Computer Science,Bachelor,4.0,43800,71.2,1900,235,600,1.35,269035.0
Canada,Vancouver,University Of British Columbia,Computer Science,Master,2.0,27900,71.2,1900,235,600,1.35,102835.0
Canada,Montreal,Mcgill University,Computer Science,Bachelor,4.0,41500,65.8,1500,235,600,1.35,240635.0
Canada,Montreal,Mcgill University,Computer Science,Master,2.0,26800,65.8,1500,235,600,1.35,91035.0
Canada,Waterloo,University Of Waterloo,Computer Science,Bachelor,4.0,40900,62.4,1300,235,600,1.35,228635.0
Canada,Waterloo,University Of Waterloo,Computer Science,Master,2.0,26200,62.4,1300,235,600,1.35,85035.0
Canada,Montreal,University Of Montreal,Computer Science,Bachelor,4.0,39500,65.8,1400,235,600,1.35,227835.0
Canada,Montreal,University Of Montreal,Computer Science,Master,2.0,25800,65.8,1400,235,600,1.35,86635.0
Canada,Edmonton,University Of Alberta,Computer Science,Bachelor,4.0,38200,61.9,1200,235,600,1.35,213035.0
Canada,Edmonton,University Of Alberta,Computer Science,Master,2.0,24900,61.9,1200,235,600,1.35,80035.0
Canada,Ottawa,University Of Ottawa,Computer Science,Bachelor,4.0,37800,63.5,1400,235,600,1.35,221035.0
Canada,Ottawa,University Of Ottawa,Computer Science,Master,2.0,24500,63.5,1400,235,600,1.35,84035.0
Canada,Calgary,University Of Calgary,Computer Science,Bachelor,4.0,37200,62.8,1300,235,600,1.35,213835.0
Canada,Calgary,University Of Calgary,Computer Science,Master,2.0,24100,62.8,1300,235,600,1.35,80835.0
Canada,Hamilton,Mcmaster University,Computer Science,Bachelor,4.0,36500,64.2,1250,235,600,1.35,208635.0
Canada,Hamilton,Mcmaster University,Computer Science,Master,2.0,23800,64.2,1250,235,600,1.35,79035.0
Canada,London,Western University,Computer Science,Bachelor,4.0,35900,61.5,1200,235,600,1.35,203835.0
Canada,London,Western University,Computer Science,Master,2.0,23500,61.5,1200,235,600,1.35,77235.0
Canada,Kingston,Queen'S University,Computer Science,Bachelor,4.0,35400,62.1,1300,235,600,1.35,206635.0
Canada,Kingston,Queen'S University,Computer Science,Master,2.0,23200,62.1,1300,235,600,1.35,79035.0
Canada,Victoria,University Of Victoria,Computer Science,Bachelor,4.0,34800,64.8,1400,235,600,1.35,209035.0
Canada,Victoria,University Of Victoria,Computer Science,Master,2.0,22900,64.8,1400,235,600,1.35,80835.0
Canada,Halifax,Dalhousie University,Computer Science,Bachelor,4.0,34200,61.2,1200,235,600,1.35,197035.0
Canada,Halifax,Dalhousie University,Computer Science,Master,2.0,22600,61.2,1200,235,600,1.35,75435.0
Canada,Winnipeg,University Of Manitoba,Computer Science,Bachelor,4.0,33600,59.8,1100,235,600,1.35,189835.0
Canada,Winnipeg,University Of Manitoba,Computer Science,Master,2.0,22300,59.8,1100,235,600,1.35,72435.0
Canada,Quebec City,Laval University,Computer Science,Bachelor,4.0,33000,58.5,1000,235,600,1.35,182635.0
Canada,Quebec City,Laval University,Computer Science,Master,2.0,22000,58.5,1000,235,600,1.35,69435.0
Canada,Saskatoon,University Of Saskatchewan,Computer Science,Bachelor,4.0,32400,58.2,950,235,600,1.35,177835.0
Canada,Saskatoon,University Of Saskatchewan,Computer Science,Master,2.0,21700,58.2,950,235,600,1.35,67635.0
Canada,St. John'S,Memorial University,Computer Science,Bachelor,4.0,31800,57.9,900,235,600,1.35,173035.0
Canada,St. John'S,Memorial University,Computer Science,Master,2.0,21400,57.9,900,235,600,1.35,65835.0
Canada,Regina,University Of Regina,Computer Science,Bachelor,4.0,31200,57.5,900,235,600,1.35,170635.0
Canada,Regina,University Of Regina,Computer Science,Master,2.0,21100,57.5,900,235,600,1.35,65235.0
Canada,Sherbrooke,University Of Sherbrooke,Computer Science,Bachelor,4.0,30600,56.8,850,235,600,1.35,165835.0
Canada,Sherbrooke,University Of Sherbrooke,Computer Science,Master,2.0,20800,56.8,850,235,600,1.35,63435.0
Canada,Windsor,University Of Windsor,Computer Science,Bachelor,4.0,30000,58.9,950,235,600,1.35,168235.0
Canada,Windsor,University Of Windsor,Computer Science,Master,2.0,20500,58.9,950,235,600,1.35,65235.0
Canada,Moncton,University Of New Brunswick,Computer Science,Bachelor,4.0,29400,57.2,900,235,600,1.35,163435.0
Canada,Moncton,University Of New Brunswick,Computer Science,Master,2.0,20200,57.2,900,235,600,1.35,63435.0
Canada,Trois-Rivieres,Uqtr,Computer Science,Bachelor,4.0,28800,56.5,850,235,600,1.35,158635.0
Canada,Trois-Rivieres,Uqtr,Computer Science,Master,2.0,19900,56.5,850,235,600,1.35,61635.0
Canada,Thunder Bay,Lakehead University,Computer Science,Bachelor,4.0,28200,56.2,800,235,600,1.35,153835.0
Canada,Thunder Bay,Lakehead University,Computer Science,Master,2.0,19600,56.2,800,235,600,1.35,59835.0
Canada,Sudbury,Laurentian University,Computer Science,Bachelor,4.0,27600,55.8,800,235,600,1.35,151435.0
Canada,Sudbury,Laurentian University,Computer Science,Master,2.0,19300,55.8,800,235,600,1.35,59235.0
Canada,Prince George,Unbc,Computer Science,Bachelor,4.0,27000,55.5,750,235,600,1.35,146635.0
Canada,Prince George,Unbc,Computer Science,Master,2.0,19000,55.5,750,235,600,1.35,57435.0
Australia,Melbourne,University Of Melbourne,Computer Science,Bachelor,3.0,42500,72.8,1800,450,650,1.52,194700.0
Australia,Melbourne,University Of Melbourne,Computer Science,Master,2.0,45800,72.8,1800,450,650,1.52,136550.0
Australia,Melbourne,University Of Melbourne,Computer Science,Phd,4.0,35000,72.8,1800,450,650,1.52,229450.0
Australia,Sydney,University Of Sydney,Computer Science,Bachelor,3.0,41800,74.5,2000,450,650,1.52,199800.0
Australia,Sydney,University Of Sydney,Computer Science,Master,2.0,44900,74.5,2000,450,650,1.52,139550.0
Australia,Sydney,University Of Sydney,Computer Science,Phd,4.0,34500,74.5,2000,450,650,1.52,237050.0
Australia,Canberra,Australian National University,Computer Science,Bachelor,3.0,41200,68.9,1600,450,650,1.52,183600.0
Australia,Canberra,Australian National University,Computer Science,Master,2.0,44200,68.9,1600,450,650,1.52,128550.0
Australia,Canberra,Australian National University,Computer Science,Phd,4.0,34000,68.9,1600,450,650,1.52,215850.0
Australia,Brisbane,University Of Queensland,Computer Science,Bachelor,3.0,40500,69.2,1500,450,650,1.52,177900.0
Australia,Brisbane,University Of Queensland,Computer Science,Master,2.0,43500,69.2,1500,450,650,1.52,124750.0
Australia,Brisbane,University Of Queensland,Computer Science,Phd,4.0,33500,69.2,1500,450,650,1.52,209050.0
Australia,Sydney,University Of New South Wales,Computer Science,Bachelor,3.0,40200,74.5,1900,450,650,1.52,191400.0
Australia,Sydney,University Of New South Wales,Computer Science,Master,2.0,43200,74.5,1900,450,650,1.52,133750.0
Australia,Sydney,University Of New South Wales,Computer Science,Phd,4.0,33200,74.5,1900,450,650,1.52,227050.0
Australia,Melbourne,Monash University,Computer Science,Bachelor,3.0,39800,72.8,1700,450,650,1.52,183000.0
Australia,Melbourne,Monash University,Computer Science,Master,2.0,42800,72.8,1700,450,650,1.52,128150.0
Australia,Melbourne,Monash University,Computer Science,Phd,4.0,32800,72.8,1700,450,650,1.52,215850.0
Australia,Adelaide,University Of Adelaide,Computer Science,Bachelor,3.0,39200,67.5,1400,450,650,1.52,170400.0
Australia,Adelaide,University Of Adelaide,Computer Science,Master,2.0,42200,67.5,1400,450,650,1.52,119750.0
Australia,Adelaide,University Of Adelaide,Computer Science,Phd,4.0,32200,67.5,1400,450,650,1.52,199050.0
Australia,Perth,University Of Western Australia,Computer Science,Bachelor,3.0,38800,68.2,1500,450,650,1.52,172800.0
Australia,Perth,University Of Western Australia,Computer Science,Master,2.0,41800,68.2,1500,450,650,1.52,121350.0
Australia,Perth,University Of Western Australia,Computer Science,Phd,4.0,31800,68.2,1500,450,650,1.52,202250.0
Australia,Brisbane,Queensland University Of Technology,Computer Science,Bachelor,3.0,38200,69.2,1400,450,650,1.52,167400.0
Australia,Brisbane,Queensland University Of Technology,Computer Science,Master,2.0,41200,69.2,1400,450,650,1.52,117750.0
Australia,Brisbane,Queensland University Of Technology,Computer Science,Phd,4.0,31200,69.2,1400,450,650,1.52,195050.0
Australia,Sydney,University Of Technology Sydney,Computer Science,Bachelor,3.0,37800,74.5,1800,450,650,1.52,180600.0
Australia,Sydney,University Of Technology Sydney,Computer Science,Master,2.0,40800,74.5,1800,450,650,1.52,126550.0
Australia,Sydney,University Of Technology Sydney,Computer Science,Phd,4.0,30800,74.5,1800,450,650,1.52,212650.0
Australia,Melbourne,Rmit University,Computer Science,Bachelor,3.0,37200,72.8,1600,450,650,1.52,171600.0
Australia,Melbourne,Rmit University,Computer Science,Master,2.0,40200,72.8,1600,450,650,1.52,120550.0
Australia,Melbourne,Rmit University,Computer Science,Phd,4.0,30200,72.8,1600,450,650,1.52,200650.0
Australia,Wollongong,University Of Wollongong,Computer Science,Bachelor,3.0,36800,65.8,1300,450,650,1.52,159600.0
Australia,Wollongong,University Of Wollongong,Computer Science,Master,2.0,39800,65.8,1300,450,650,1.52,112550.0
Australia,Wollongong,University Of Wollongong,Computer Science,Phd,4.0,29800,65.8,1300,450,650,1.52,184650.0
Australia,Newcastle,University Of Newcastle,Computer Science,Bachelor,3.0,36200,66.2,1300,450,650,1.52,157800.0
Australia,Newcastle,University Of Newcastle,Computer Science,Master,2.0,39200,66.2,1300,450,650,1.52,111350.0
Australia,Newcastle,University Of Newcastle,Computer Science,Phd,4.0,29200,66.2,1300,450,650,1.52,182250.0
Australia,Hobart,University Of Tasmania,Computer Science,Bachelor,3.0,35800,64.5,1200,450,650,1.52,153000.0
Australia,Hobart,University Of Tasmania,Computer Science,Master,2.0,38800,64.5,1200,450,650,1.52,108150.0
Australia,Hobart,University Of Tasmania,Computer Science,Phd,4.0,28800,64.5,1200,450,650,1.52,175850.0
Australia,Gold Coast,Griffith University,Computer Science,Bachelor,3.0,35200,68.5,1400,450,650,1.52,158400.0
Australia,Gold Coast,Griffith University,Computer Science,Master,2.0,38200,68.5,1400,450,650,1.52,111750.0
Australia,Gold Coast,Griffith University,Computer Science,Phd,4.0,28200,68.5,1400,450,650,1.52,183050.0
Australia,Canberra,University Of Canberra,Computer Science,Bachelor,3.0,34800,68.9,1500,450,650,1.52,160800.0
Australia,Canberra,University Of Canberra,Computer Science,Master,2.0,37800,68.9,1500,450,650,1.52,113350.0
Australia,Canberra,University Of Canberra,Computer Science,Phd,4.0,27800,68.9,1500,450,650,1.52,186250.0
Australia,Townsville,James Cook University,Computer Science,Bachelor,3.0,34200,65.2,1200,450,650,1.52,148200.0
Australia,Townsville,James Cook University,Computer Science,Master,2.0,37200,65.2,1200,450,650,1.52,104950.0
Australia,Townsville,James Cook University,Computer Science,Phd,4.0,27200,65.2,1200,450,650,1.52,169450.0
Australia,Armidale,University Of New England,Computer Science,Bachelor,3.0,33800,63.8,1100,450,650,1.52,143400.0
Australia,Armidale,University Of New England,Computer Science,Master,2.0,36800,63.8,1100,450,650,1.52,101750.0
Australia,Armidale,University Of New England,Computer Science,Phd,4.0,26800,63.8,1100,450,650,1.52,163050.0
Australia,Toowoomba,University Of Southern Queensland,Computer Science,Bachelor,3.0,33200,64.2,1100,450,650,1.52,141600.0
Australia,Toowoomba,University Of Southern Queensland,Computer Science,Master,2.0,36200,64.2,1100,450,650,1.52,100550.0
Australia,Toowoomba,University Of Southern Queensland,Computer Science,Phd,4.0,26200,64.2,1100,450,650,1.52,160650.0
Australia,Ballarat,Federation University,Computer Science,Bachelor,3.0,32800,63.5,1000,450,650,1.52,136800.0
Australia,Ballarat,Federation University,Computer Science,Master,2.0,35800,63.5,1000,450,650,1.52,97350.0
Australia,Ballarat,Federation University,Computer Science,Phd,4.0,25800,63.5,1000,450,650,1.52,154250.0
Australia,Lismore,Southern Cross University,Computer Science,Bachelor,3.0,32200,63.2,1000,450,650,1.52,135000.0
Australia,Lismore,Southern Cross University,Computer Science,Master,2.0,35200,63.2,1000,450,650,1.52,96150.0
Australia,Lismore,Southern Cross University,Computer Science,Phd,4.0,25200,63.2,1000,450,650,1.52,151850.0
Usa,Boston,Mit,Computer Science,Master,2.0,58000,82.1,2100,160,1500,1.0,169560.0
Uk,London,Imperial College London,Data Science,Master,1.0,42000,75.3,1800,485,800,0.79,64885.0
Germany,Munich,Tu Munich,Mechanical Engineering,Master,2.0,0,71.5,1200,110,900,0.92,30710.0
Canada,Toronto,University Of Toronto,Business Analytics,Master,2.0,45000,73.8,1700,235,750,1.35,132535.0
Australia,Melbourne,University Of Melbourne,Artificial Intelligence,Phd,4.0,29000,72.4,1500,450,650,1.52,191050.0
Usa,Stanford,Stanford University,Physics,Phd,5.0,52000,84.3,2300,160,1500,1.0,405660.0
Uk,Edinburgh,University Of Edinburgh,Chemistry,Master,2.0,38000,67.8,1100,485,800,0.79,104485.0
Germany,Berlin,Humboldt University,Computer Science,Bachelor,3.0,0,68.9,950,110,900,0.92,37010.0
Canada,Vancouver,University Of British Columbia,Environmental Science,Master,2.0,42000,71.2,1600,235,750,1.35,124135.0
Australia,Sydney,University Of Sydney,Biotechnology,Phd,4.0,31000,75.6,1700,450,650,1.52,208650.0
Usa,Berkeley,Uc Berkeley,Mathematics,Master,2.0,54000,83.2,2000,160,1500,1.0,159160.0
Uk,Manchester,University Of Manchester,Engineering,Bachelor,3.0,35000,65.4,900,485,800,0.79,140285.0
Germany,Hamburg,University Of Hamburg,Physics,Master,2.0,0,69.8,1100,110,900,0.92,28310.0
Canada,Montreal,Mcgill University,Computer Science,Phd,4.0,38000,68.9,1400,235,750,1.35,222435.0
Australia,Brisbane,University Of Queensland,Data Science,Master,2.0,32000,68.7,1200,450,650,1.52,94550.0
Usa,New York,Columbia University,Economics,Master,2.0,62000,100.0,2500,160,1500,1.0,187160.0
Uk,Oxford,University Of Oxford,Computer Science,Phd,4.0,40000,71.5,1400,485,800,0.79,230885.0
Germany,Dresden,Tu Dresden,Mechanical Engineering,Bachelor,3.0,0,65.4,800,110,900,0.92,31610.0
Canada,Ottawa,University Of Ottawa,Artificial Intelligence,Master,2.0,40000,67.8,1300,235,750,1.35,112935.0
Australia,Perth,University Of Western Australia,Physics,Master,2.0,30000,67.2,1100,450,650,1.52,88150.0
Usa,Atlanta,Georgia Tech,Engineering,Phd,5.0,48000,71.2,1700,160,1500,1.0,349660.0
Uk,Bristol,University Of Bristol,Data Science,Master,2.0,36000,68.9,1200,485,800,0.79,102885.0
Germany,Frankfurt,Goethe University,Computer Science,Master,2.0,0,72.3,1300,110,900,0.92,33110.0
Canada,Calgary,University Of Calgary,Mathematics,Bachelor,4.0,35000,65.4,1200,235,750,1.35,200835.0
Australia,Adelaide,University Of Adelaide,Chemistry,Phd,4.0,28000,64.5,1000,450,650,1.52,163050.0
Usa,Los Angeles,Ucla,Computer Science,Master,2.0,52000,79.8,2200,160,1500,1.0,159960.0
Uk,Glasgow,University Of Glasgow,Physics,Bachelor,3.0,34000,64.5,950,485,800,0.79,139085.0
Germany,Stuttgart,University Of Stuttgart,Engineering,Master,2.0,0,68.7,1100,110,900,0.92,28310.0
Canada,Edmonton,University Of Alberta,Data Science,Master,2.0,37000,64.3,1100,235,750,1.35,102135.0
Australia,Canberra,Australian National University,Computer Science,Phd,4.0,33000,69.8,1300,450,650,1.52,197450.0
Usa,Austin,Ut Austin,Mathematics,Master,2.0,45000,68.9,1600,160,1500,1.0,131560.0
Uk,Leeds,University Of Leeds,Chemistry,Phd,4.0,35000,63.2,900,485,800,0.79,186885.0
Germany,Heidelberg,Heidelberg University,Physics,Bachelor,3.0,0,67.8,1000,110,900,0.92,38810.0
Canada,Halifax,Dalhousie University,Engineering,Master,2.0,36000,63.4,1000,235,750,1.35,97735.0
Australia,Gold Coast,Griffith University,Data Science,Master,2.0,29000,65.4,1100,450,650,1.52,86150.0
Usa,Seattle,University Of Washington,Computer Science,Phd,5.0,50000,77.8,2000,160,1500,1.0,377660.0
Uk,Sheffield,University Of Sheffield,Engineering,Master,2.0,33000,62.3,850,485,800,0.79,88485.0
Germany,Cologne,University Of Cologne,Mathematics,Master,2.0,0,69.8,1200,110,900,0.92,30710.0
Canada,Quebec City,Laval University,Physics,Bachelor,3.0,34000,62.1,900,235,750,1.35,136885.0
Australia,Newcastle,University Of Newcastle,Chemistry,Master,2.0,27000,63.2,950,450,650,1.52,78550.0
Usa,Pittsburgh,Carnegie Mellon,Data Science,Master,2.0,56000,65.4,1500,160,1500,1.0,151160.0
Uk,Nottingham,University Of Nottingham,Computer Science,Phd,4.0,34000,61.2,800,485,800,0.79,178085.0
Germany,Bonn,University Of Bonn,Engineering,Master,2.0,0,67.8,1100,110,900,0.92,28310.0
Canada,Victoria,University Of Victoria,Mathematics,Master,2.0,35000,64.5,1100,235,750,1.35,98135.0
Australia,Hobart,University Of Tasmania,Physics,Bachelor,3.0,26000,62.1,900,450,650,1.52,112800.0
Usa,San Diego,Uc San Diego,Chemistry,Phd,5.0,49000,75.6,1900,160,1500,1.0,366660.0
Uk,Durham,Durham University,Engineering,Master,2.0,35000,63.4,900,485,800,0.79,93685.0
Germany,Aachen,Rwth Aachen,Computer Science,Bachelor,3.0,0,68.9,1000,110,900,0.92,38810.0
Canada,Winnipeg,University Of Manitoba,Data Science,Master,2.0,33000,61.2,900,235,750,1.35,89335.0
Australia,Wollongong,University Of Wollongong,Mathematics,Phd,4.0,28000,63.4,950,450,650,1.52,160650.0
Usa,San Francisco,Uc Berkeley Extension,Data Science,Master,2.0,52000,95.2,2400,160,1500,1.0,164760.0
Uk,London,King'S College London,Computer Science,Master,1.0,39000,75.3,1900,485,800,0.79,63085.0
Switzerland,Zurich,Eth Zurich,Computer Science,Master,2.0,1500,122.4,2000,140,1200,0.89,53540.0
France,Paris,Sorbonne University,Data Analytics,Master,2.0,4500,84.3,1800,99,850,0.92,53999.0
Ireland,Dublin,Trinity College Dublin,Computer Science,Phd,4.0,18900,83.6,1700,150,750,0.92,160350.0
Usa,Chicago,University Of Chicago,Data Science,Master,2.0,58000,84.1,1900,160,1500,1.0,164760.0
Uk,Cambridge,Anglia Ruskin University,Data Analytics,Bachelor,3.0,35000,71.2,1500,485,800,0.79,161885.0
Switzerland,Lausanne,Epfl,Computer Science,Phd,4.0,1500,119.8,1900,140,1200,0.89,102140.0
France,Lyon,University Of Lyon,Data Science,Master,2.0,4200,75.6,1200,99,850,0.92,38999.0
Ireland,Cork,University College Cork,Computer Science,Master,2.0,16800,75.4,1300,150,750,0.92,66450.0
Usa,Boston,Northeastern University,Data Analytics,Master,2.0,54000,82.1,2200,160,1500,1.0,163960.0
Uk,Edinburgh,Heriot-Watt University,Computer Science,Master,1.0,37000,67.8,1200,485,800,0.79,52685.0
Switzerland,Geneva,University Of Geneva,Data Science,Master,2.0,1500,116.5,1800,140,1200,0.89,48740.0
France,Toulouse,University Of Toulouse,Computer Science,Bachelor,3.0,4000,71.2,900,99,850,0.92,47049.0
Ireland,Galway,Nui Galway,Data Analytics,Master,2.0,15900,72.3,1100,150,750,0.92,59850.0
Usa,Seattle,University Of Washington,Data Science,Phd,4.0,51000,77.8,2100,160,1500,1.0,310960.0
Uk,Birmingham,University Of Birmingham,Computer Science,Master,1.0,36000,65.4,1100,485,800,0.79,50485.0
Switzerland,Basel,University Of Basel,Data Science,Master,2.0,1500,114.3,1700,140,1200,0.89,46340.0
France,Bordeaux,University Of Bordeaux,Data Analytics,Master,2.0,4300,72.1,1000,99,850,0.92,34399.0
Ireland,Limerick,University Of Limerick,Computer Science,Bachelor,4.0,15400,71.2,1000,150,750,0.92,112750.0
Usa,Austin,Ut Austin,Computer Science,Master,2.0,49000,68.9,1800,160,1500,1.0,144360.0
Uk,Manchester,University Of Salford,Data Science,Master,1.0,35000,65.4,1000,485,800,0.79,48285.0
Switzerland,St. Gallen,University Of St. Gallen,Data Analytics,Master,2.0,1500,112.1,1600,140,1200,0.89,43940.0
France,Nice,University Of Nice,Computer Science,Master,2.0,4100,76.5,1300,99,850,0.92,41199.0
Ireland,Maynooth,Maynooth University,Data Science,Phd,4.0,14900,70.1,950,150,750,0.92,108350.0
Usa,Denver,University Of Denver,Data Analytics,Master,2.0,47000,69.8,1700,160,1500,1.0,137960.0
Uk,Leeds,Leeds Beckett University,Computer Science,Bachelor,3.0,34000,63.2,900,485,800,0.79,137285.0
Switzerland,Bern,University Of Bern,Data Science,Master,2.0,1500,110.4,1500,140,1200,0.89,41540.0
France,Lille,University Of Lille,Data Analytics,Phd,4.0,4200,69.8,950,99,850,0.92,65899.0
Ireland,Waterford,Waterford It,Computer Science,Master,2.0,14500,68.9,900,150,750,0.92,52250.0
Usa,Portland,Portland State University,Data Science,Master,2.0,45000,71.2,1600,160,1500,1.0,131560.0
Uk,Bristol,Uwe Bristol,Computer Science,Master,1.0,33000,68.9,1100,485,800,0.79,47485.0
Switzerland,Lugano,Usi Lugano,Data Analytics,Master,2.0,1500,108.9,1400,140,1200,0.89,39140.0
France,Strasbourg,University Of Strasbourg,Computer Science,Master,2.0,4000,70.2,1000,99,850,0.92,33799.0
Ireland,Sligo,It Sligo,Data Science,Bachelor,4.0,14000,67.5,850,150,750,0.92,99950.0
Usa,Minneapolis,University Of Minnesota,Computer Science,Phd,4.0,48000,72.3,1700,160,1500,1.0,279760.0
Uk,Cardiff,Cardiff University,Data Analytics,Master,1.0,34000,64.5,950,485,800,0.79,46685.0
Switzerland,Fribourg,University Of Fribourg,Computer Science,Master,2.0,1500,107.8,1300,140,1200,0.89,36740.0
France,Grenoble,Grenoble Inp,Data Science,Master,2.0,4100,71.5,1100,99,850,0.92,36399.0
Ireland,Athlone,Athlone It,Data Analytics,Master,2.0,13800,66.7,800,150,750,0.92,48450.0
Norway,Oslo,University Of Oslo,Computer Science,Master,2.0,0,83.2,1400,275,700,10.45,35275.0
Finland,Helsinki,University Of Helsinki,Data Science,Master,2.0,0,79.4,1200,350,650,0.92,30450.0
Germany,Berlin,Technical University Berlin,Mechanical Engineering,Master,2.0,0,68.9,1100,110,900,0.92,28310.0
Denmark,Copenhagen,University Of Copenhagen,Physics,Phd,4.0,0,82.1,1500,450,800,7.45,75650.0
Norway,Trondheim,Ntnu,Robotics,Master,2.0,0,75.6,1100,275,700,10.45,28075.0
Finland,Espoo,Aalto University,Computer Engineering,Bachelor,3.0,0,77.8,1000,350,650,0.92,38300.0
Germany,Munich,Lmu Munich,Mathematics,Phd,4.0,0,71.5,1300,110,900,0.92,66110.0
Denmark,Aarhus,Aarhus University,Data Analytics,Master,2.0,0,76.5,1200,450,800,7.45,30850.0
Norway,Bergen,University Of Bergen,Artificial Intelligence,Master,2.0,0,74.3,1200,275,700,10.45,30475.0
Finland,Tampere,Tampere University,Software Engineering,Master,2.0,0,72.1,900,350,650,0.92,23250.0
Germany,Dresden,Tu Dresden,Computer Science,Bachelor,3.0,0,65.4,900,110,900,0.92,35210.0
Denmark,Odense,University Of Southern Denmark,Biotechnology,Master,2.0,0,73.2,1100,450,800,7.45,28450.0
Norway,Tromsø,Uit Arctic University,Marine Technology,Phd,4.0,0,71.2,1000,275,700,10.45,51075.0
Finland,Turku,University Of Turku,Bioinformatics,Master,2.0,0,71.8,850,350,650,0.92,22050.0
Germany,Hamburg,Tu Hamburg,Electrical Engineering,Master,2.0,0,69.8,1200,110,900,0.92,30710.0
Denmark,Aalborg,Aalborg University,Energy Engineering,Bachelor,3.0,0,71.5,1000,450,800,7.45,38850.0
Norway,Stavanger,University Of Stavanger,Petroleum Engineering,Master,2.0,0,72.4,1100,275,700,10.45,28075.0
Finland,Oulu,University Of Oulu,Computer Science,Phd,4.0,0,70.2,800,350,650,0.92,41350.0
Germany,Stuttgart,University Of Stuttgart,Aerospace Engineering,Master,2.0,0,68.7,1100,110,900,0.92,28310.0
Denmark,Roskilde,Roskilde University,Environmental Science,Master,2.0,0,70.8,1000,450,800,7.45,26050.0
Norway,Ås,Norwegian University Of Life Sciences,Biotechnology,Master,2.0,0,70.5,900,275,700,10.45,23275.0
Finland,Vaasa,University Of Vaasa,Industrial Management,Master,2.0,0,69.8,800,350,650,0.92,20850.0
Germany,Karlsruhe,Kit,Mechatronics,Phd,4.0,0,67.9,1000,110,900,0.92,51710.0
Denmark,Lyngby,Technical University Of Denmark,Quantum Engineering,Master,2.0,0,81.2,1400,450,800,7.45,35650.0
Norway,Bodø,Nord University,Marine Biology,Bachelor,3.0,0,69.4,850,275,700,10.45,32975.0
Finland,Jyväskylä,University Of Jyväskylä,Data Science,Master,2.0,0,68.7,750,350,650,0.92,19650.0
Germany,Darmstadt,Tu Darmstadt,Computer Engineering,Master,2.0,0,66.8,950,110,900,0.92,24710.0
Denmark,Kolding,University Of Southern Denmark,Software Engineering,Phd,4.0,0,69.5,900,450,800,7.45,46850.0
Norway,Gjøvik,Ntnu Gjøvik,Information Security,Master,2.0,0,68.9,800,275,700,10.45,20875.0
Finland,Lappeenranta,Lut University,Industrial Engineering,Master,2.0,0,67.5,700,350,650,0.92,18450.0
Germany,Bremen,University Of Bremen,Robotics,Master,2.0,0,66.5,900,110,900,0.92,23510.0
Denmark,Esbjerg,University Of Southern Denmark,Environmental Engineering,Master,2.0,0,68.4,850,450,800,7.45,22450.0
Norway,Kristiansand,University Of Agder,Renewable Energy,Phd,4.0,0,67.8,850,275,700,10.45,43875.0
Finland,Kuopio,University Of Eastern Finland,Environmental Science,Bachelor,3.0,0,66.9,700,350,650,0.92,27500.0
Germany,Aachen,Rwth Aachen,Materials Science,Master,2.0,0,68.9,1000,110,900,0.92,25910.0
Denmark,Slagelse,University Of Copenhagen,Bioinformatics,Master,2.0,0,67.5,900,450,800,7.45,23650.0
Norway,Horten,University Of South-Eastern Norway,Systems Engineering,Master,2.0,0,66.7,800,275,700,10.45,20875.0
Finland,Joensuu,University Of Eastern Finland,Forestry Sciences,Phd,4.0,0,65.8,650,350,650,0.92,34150.0
Germany,Jena,University Of Jena,Photonics,Master,2.0,0,65.4,850,110,900,0.92,22310.0
Denmark,Herning,Aarhus University,Engineering Management,Master,2.0,0,66.2,800,450,800,7.45,21250.0
New Zealand,Auckland,University Of Auckland,Computer Science,Master,2.0,32000,79.5,1200,330,600,1.65,94330.0
Usa,Boston,Northeastern University,Data Science,Master,2.0,54000,82.1,2000,160,1500,1.0,159160.0
Sweden,Stockholm,Kth Royal Institute,Engineering Physics,Master,2.0,0,78.4,1100,120,750,10.45,28020.0
Netherlands,Amsterdam,University Of Amsterdam,Artificial Intelligence,Phd,4.0,15000,81.2,1300,171,720,0.92,125451.0
Portugal,Lisbon,University Of Lisbon,Computer Engineering,Master,2.0,7000,65.8,800,75,400,0.92,34075.0
New Zealand,Wellington,Victoria University,Data Analytics,Master,2.0,30000,75.6,1100,330,600,1.65,87930.0
Usa,Austin,Ut Austin,Robotics,Phd,5.0,48000,68.9,1600,160,1500,1.0,343660.0
Sweden,Uppsala,Uppsala University,Mathematics,Bachelor,3.0,0,72.3,900,120,750,10.45,34770.0
Netherlands,Rotterdam,Erasmus University,Business Analytics,Master,2.0,14500,77.8,1200,171,720,0.92,59411.0
Portugal,Porto,University Of Porto,Software Engineering,Master,2.0,6500,62.4,700,75,400,0.92,30675.0
New Zealand,Christchurch,University Of Canterbury,Mechanical Engineering,Phd,4.0,31000,72.4,950,330,600,1.65,172330.0
Usa,San Diego,Uc San Diego,Biotechnology,Master,2.0,49000,75.6,1900,160,1500,1.0,146760.0
Sweden,Gothenburg,Chalmers University,Sustainable Energy,Master,2.0,0,71.2,950,120,750,10.45,24420.0
Netherlands,Delft,Tu Delft,Computer Science,Master,2.0,15500,76.5,1100,171,720,0.92,59011.0
Portugal,Coimbra,University Of Coimbra,Data Science,Bachelor,3.0,6000,58.9,600,75,400,0.92,40875.0
New Zealand,Dunedin,University Of Otago,Information Systems,Master,2.0,29000,70.2,900,330,600,1.65,81130.0
Usa,Seattle,University Of Washington,Computer Engineering,Master,2.0,51000,77.8,2100,160,1500,1.0,155560.0
Sweden,Lund,Lund University,Physics,Phd,4.0,0,73.4,1000,120,750,10.45,51120.0
Netherlands,Eindhoven,Tu Eindhoven,Artificial Intelligence,Master,2.0,14800,72.3,950,171,720,0.92,54011.0
Portugal,Braga,University Of Minho,Computer Science,Master,2.0,6200,57.8,550,75,400,0.92,26475.0
New Zealand,Hamilton,University Of Waikato,Environmental Science,Master,2.0,28500,68.9,850,330,600,1.65,78930.0
Usa,Atlanta,Georgia Tech,Machine Learning,Phd,5.0,48000,71.2,1700,160,1500,1.0,349660.0
Sweden,Linköping,Linköping University,Computer Science,Master,2.0,0,69.8,850,120,750,10.45,22020.0
Netherlands,Utrecht,Utrecht University,Data Science,Bachelor,3.0,13900,75.4,1100,171,720,0.92,83631.0
Portugal,Aveiro,University Of Aveiro,Robotics,Phd,4.0,6800,56.7,500,75,400,0.92,52875.0
New Zealand,Palmerston North,Massey University,Computer Engineering,Bachelor,3.0,27500,67.5,800,330,600,1.65,113430.0
Usa,Pittsburgh,Carnegie Mellon,Software Engineering,Master,2.0,56000,65.4,1500,160,1500,1.0,151160.0
Sweden,Umeå,Umeå University,Artificial Intelligence,Master,2.0,0,68.5,800,120,750,10.45,20820.0
Netherlands,Groningen,University Of Groningen,Computing Science,Phd,4.0,14200,71.2,900,171,720,0.92,103051.0
Portugal,Faro,University Of Algarve,Information Systems,Master,2.0,5900,55.4,480,75,400,0.92,24195.0
New Zealand,Auckland,Aut University,Data Analytics,Master,2.0,29500,79.5,1150,330,600,1.65,88130.0
Usa,Raleigh,Nc State University,Computer Science,Master,2.0,47000,67.8,1400,160,1500,1.0,130760.0
Sweden,Karlstad,Karlstad University,Information Systems,Bachelor,3.0,0,67.2,750,120,750,10.45,29370.0
Netherlands,Tilburg,Tilburg University,Data Science,Master,2.0,14000,70.5,950,171,720,0.92,52411.0
Portugal,Vila Real,Utad,Computer Engineering,Master,2.0,5700,54.3,450,75,400,0.92,23075.0
New Zealand,Christchurch,Lincoln University,Environmental Computing,Phd,4.0,28000,72.4,900,330,600,1.65,157930.0
Usa,Davis,Uc Davis,Data Science,Master,2.0,48000,73.2,1600,160,1500,1.0,137560.0
Sweden,Växjö,Linnaeus University,Software Engineering,Master,2.0,0,66.5,700,120,750,10.45,18420.0
Netherlands,Wageningen,Wageningen University,Bioinformatics,Master,2.0,14500,69.8,900,171,720,0.92,52211.0
Portugal,Funchal,University Of Madeira,Computing,Bachelor,3.0,5500,53.2,400,75,400,0.92,32175.0
Spain,Madrid,Universidad Politécnica De Madrid,Computer Science,Master,2.0,3500,71.4,1100,80,750,0.92,34980.0
Italy,Milan,Politecnico Di Milano,Data Engineering,Master,2.0,4000,73.2,1200,120,700,0.92,38320.0
Greece,Athens,National Technical University,Electrical Engineering,Phd,4.0,0,65.8,650,100,600,0.92,33700.0
Austria,Vienna,Tu Wien,Software Engineering,Master,2.0,1500,78.5,950,160,850,0.92,27660.0
Mexico,Mexico City,Unam,Computer Engineering,Bachelor,4.0,800,52.4,600,40,400,17.05,33640.0
Spain,Barcelona,Universitat Politècnica Catalunya,Artificial Intelligence,Master,2.0,3800,73.6,1000,80,750,0.92,33180.0
Italy,Rome,Sapienza University,Robotics,Phd,4.0,3500,71.2,1100,120,700,0.92,69720.0
Greece,Thessaloniki,Aristotle University,Computer Engineering,Master,2.0,0,62.4,500,100,600,0.92,13300.0
Austria,Graz,Tu Graz,Mechanical Engineering,Bachelor,3.0,1500,71.2,750,160,850,0.92,34210.0
Mexico,Monterrey,Tecnológico De Monterrey,Data Science,Master,2.0,12000,48.9,700,40,400,17.05,41640.0
Spain,Valencia,Universitat De València,Data Science,Master,2.0,3200,68.5,800,80,750,0.92,27180.0
Italy,Turin,Politecnico Di Torino,Computer Engineering,Master,2.0,3800,69.8,900,120,700,0.92,30720.0
Greece,Patras,University Of Patras,Electronics,Phd,4.0,0,60.5,450,100,600,0.92,24100.0
Austria,Linz,Johannes Kepler University,Artificial Intelligence,Master,2.0,1500,70.4,700,160,850,0.92,21660.0
Mexico,Guadalajara,Universidad De Guadalajara,Software Engineering,Bachelor,4.0,900,45.6,500,40,400,17.05,29240.0
Spain,Seville,Universidad De Sevilla,Robotics,Master,2.0,3000,65.4,750,80,750,0.92,25580.0
Italy,Bologna,University Of Bologna,Information Technology,Phd,4.0,3600,70.5,950,120,700,0.92,62920.0
Greece,Heraklion,University Of Crete,Computer Science,Master,2.0,0,61.2,480,100,600,0.92,12820.0
Austria,Salzburg,University Of Salzburg,Data Analytics,Bachelor,3.0,1500,72.3,800,160,850,0.92,36010.0
Mexico,Puebla,Udlap,Computer Engineering,Master,2.0,10000,44.5,450,40,400,17.05,31640.0
Spain,Bilbao,University Of The Basque Country,Computer Science,Phd,4.0,3400,67.8,850,80,750,0.92,57480.0
Italy,Florence,University Of Florence,Cybersecurity,Master,2.0,3500,71.2,1000,120,700,0.92,32520.0
Greece,Volos,University Of Thessaly,Digital Systems,Master,2.0,0,59.8,400,100,600,0.92,10900.0
Austria,Innsbruck,University Of Innsbruck,Mechatronics,Master,2.0,1500,71.5,780,160,850,0.92,23580.0
Mexico,Queretaro,Tecnologico De Monterrey,Data Analytics,Bachelor,4.0,11000,46.7,480,40,400,17.05,68680.0
Spain,Granada,University Of Granada,Artificial Intelligence,Master,2.0,2800,64.5,700,80,750,0.92,23980.0
Italy,Naples,University Of Naples,Software Engineering,Phd,4.0,3200,67.8,800,120,700,0.92,54120.0
Greece,Ioannina,University Of Ioannina,Information Systems,Bachelor,4.0,0,58.9,380,100,600,0.92,20740.0
Austria,Klagenfurt,University Of Klagenfurt,Data Science,Master,2.0,1500,69.4,720,160,850,0.92,22140.0
Mexico,Merida,Universidad Autonoma De Yucatan,Computer Engineering,Master,2.0,3500,43.2,400,40,400,17.05,17440.0
Spain,Zaragoza,University Of Zaragoza,Robotics,Master,2.0,2900,63.2,650,80,750,0.92,22980.0
Italy,Pisa,University Of Pisa,Computer Engineering,Master,2.0,3300,68.9,850,120,700,0.92,28520.0
Greece,Rhodes,University Of The Aegean,Digital Innovation,Master,2.0,0,61.2,420,100,600,0.92,11380.0
Austria,Leoben,Montanuniversität Leoben,Industrial Engineering,Phd,4.0,1500,68.7,700,160,850,0.92,43160.0
Mexico,Tijuana,Cetys Universidad,Information Technology,Bachelor,4.0,9500,45.4,550,40,400,17.05,66040.0
Spain,Salamanca,University Of Salamanca,Data Science,Phd,4.0,3100,62.1,600,80,750,0.92,44280.0
Italy,Padua,University Of Padua,Artificial Intelligence,Master,2.0,3400,69.5,900,120,700,0.92,29920.0
Greece,Chania,Technical University Of Crete,Electronic Engineering,Master,2.0,0,60.4,450,100,600,0.92,12100.0
Austria,Dornbirn,Fh Vorarlberg,Software Development,Bachelor,3.0,1500,70.2,800,160,850,0.92,36010.0
Mexico,San Luis Potosi,Uaslp,Computer Systems,Master,2.0,2800,42.8,380,40,400,17.05,15560.0
Turkey,Istanbul,Bogazici University,Computer Engineering,Master,2.0,1500,51.2,600,90,500,28.5,18490.0
Greece,Athens,Athens University Of Economics,Data Science,Master,2.0,0,65.8,650,100,600,0.92,16900.0
Belgium,Leuven,Ku Leuven,Artificial Intelligence,Phd,4.0,3800,76.5,950,180,800,0.92,64180.0
Hungary,Budapest,Budapest University Of Technology,Software Engineering,Master,2.0,6500,53.4,500,140,450,350.25,26040.0
Russia,Moscow,Moscow State University,Computer Science,Bachelor,4.0,5500,62.3,600,160,400,95.5,52560.0
Turkey,Ankara,Middle East Technical University,Data Engineering,Master,2.0,1200,48.5,450,90,500,28.5,14290.0
Greece,Thessaloniki,University Of Macedonia,Information Systems,Phd,4.0,0,62.4,500,100,600,0.92,26500.0
Belgium,Ghent,Ghent University,Computer Science,Master,2.0,3500,72.8,850,180,800,0.92,29180.0
Hungary,Debrecen,University Of Debrecen,Mechatronics,Bachelor,3.0,5800,48.9,400,140,450,350.25,33290.0
Russia,Saint Petersburg,Itmo University,Data Science,Master,2.0,5000,60.1,550,160,400,95.5,24160.0
Turkey,Izmir,Ege University,Electronics Engineering,Phd,4.0,1300,47.8,400,90,500,28.5,26490.0
Greece,Patras,University Of Patras,Computer Engineering,Master,2.0,0,60.5,450,100,600,0.92,12100.0
Belgium,Brussels,Vrije Universiteit Brussel,Robotics,Master,2.0,3600,75.4,900,180,800,0.92,30580.0
Hungary,Szeged,University Of Szeged,Computer Science,Phd,4.0,6000,47.2,380,140,450,350.25,44180.0
Russia,Novosibirsk,Novosibirsk State University,Mathematics,Master,2.0,4800,55.4,400,160,400,95.5,20160.0
Turkey,Eskisehir,Anadolu University,Information Systems,Bachelor,4.0,1000,45.6,350,90,500,28.5,22890.0
Greece,Heraklion,University Of Crete,Data Analytics,Master,2.0,0,61.2,480,100,600,0.92,12820.0
Belgium,Antwerp,University Of Antwerp,Computer Science,Phd,4.0,3700,71.2,800,180,800,0.92,56580.0
Hungary,Pecs,University Of Pecs,Software Development,Master,2.0,5500,46.8,350,140,450,350.25,20440.0
Russia,Kazan,Kazan Federal University,Artificial Intelligence,Bachelor,4.0,4500,52.3,380,160,400,95.5,38000.0
Turkey,Bursa,Uludag University,Computer Science,Master,2.0,1100,46.5,380,90,500,28.5,12410.0
Greece,Volos,University Of Thessaly,Cybersecurity,Phd,4.0,0,59.8,400,100,600,0.92,21700.0
Belgium,Louvain,Uclouvain,Data Engineering,Master,2.0,3500,70.5,780,180,800,0.92,27500.0
Hungary,Gyor,Szechenyi Istvan University,Robotics,Bachelor,3.0,5200,45.6,320,140,450,350.25,28610.0
Russia,Tomsk,Tomsk State University,Software Engineering,Master,2.0,4600,51.2,350,160,400,95.5,18560.0
Turkey,Antalya,Akdeniz University,Data Science,Phd,4.0,1400,47.8,420,90,500,28.5,27850.0
Greece,Piraeus,University Of Piraeus,Information Technology,Master,2.0,0,63.4,550,100,600,0.92,14500.0
Belgium,Hasselt,Hasselt University,Artificial Intelligence,Bachelor,3.0,3400,69.8,750,180,800,0.92,39780.0
Hungary,Miskolc,University Of Miskolc,Computer Engineering,Master,2.0,5300,44.5,300,140,450,350.25,18840.0
Russia,Yekaterinburg,Ural Federal University,Data Analytics,Phd,4.0,4700,53.4,400,160,400,95.5,39760.0
Turkey,Kayseri,Erciyes University,Software Engineering,Master,2.0,1200,45.2,350,90,500,28.5,11890.0
Greece,Xanthi,Democritus University,Computer Engineering,Bachelor,4.0,0,58.7,380,100,600,0.92,20740.0
Belgium,Liege,University Of Liege,Data Science,Phd,4.0,3600,68.9,720,180,800,0.92,52340.0
Hungary,Veszprem,University Of Pannonia,Information Systems,Master,2.0,5100,44.8,310,140,450,350.25,18680.0
Russia,Samara,Samara State University,Computer Science,Master,2.0,4400,50.5,370,160,400,95.5,18640.0
Turkey,Konya,Selcuk University,Artificial Intelligence,Bachelor,4.0,1000,44.5,330,90,500,28.5,21930.0
Greece,Chios,University Of The Aegean,Digital Systems,Master,2.0,0,59.2,400,100,600,0.92,10900.0
Belgium,Mons,University Of Mons,Computer Engineering,Master,2.0,3500,67.8,700,180,800,0.92,25580.0
Hungary,Kecskemet,John Von Neumann University,Data Analytics,Phd,4.0,5400,43.9,290,140,450,350.25,37460.0
Russia,Rostov-On-Don,Southern Federal University,Information Technology,Bachelor,4.0,4200,49.8,350,160,400,95.5,35360.0
Brazil,Sao Paulo,University Of Sao Paulo,Computer Science,Master,2.0,0,55.8,600,90,400,4.95,15290.0
India,Bangalore,Indian Institute Of Science,Data Science,Phd,4.0,2000,45.2,300,180,300,82.75,23780.0
Thailand,Bangkok,Chulalongkorn University,Software Engineering,Master,2.0,15000,51.4,500,80,350,35.25,42780.0
Egypt,Cairo,Cairo University,Computer Engineering,Bachelor,4.0,2500,31.8,250,100,200,30.9,22900.0
Singapore,Singapore,National University Of Singapore,Artificial Intelligence,Master,2.0,42000,83.8,1200,90,800,1.35,114490.0
Uae,Dubai,University Of Dubai,Data Analytics,Master,2.0,25000,72.4,1100,270,750,3.67,78170.0
Brazil,Rio De Janeiro,Puc-Rio,Information Systems,Phd,4.0,8000,53.2,550,90,400,4.95,60090.0
India,Mumbai,Iit Bombay,Computer Engineering,Master,2.0,1800,47.5,350,180,300,82.75,12780.0
Thailand,Chiang Mai,Chiang Mai University,Data Science,Bachelor,4.0,12000,45.6,300,80,350,35.25,63880.0
Singapore,Singapore,Nanyang Technological University,Computer Science,Phd,4.0,40000,83.8,1100,90,800,1.35,216090.0
Uae,Abu Dhabi,Khalifa University,Robotics,Master,2.0,27000,71.8,1000,270,750,3.67,79770.0
Brazil,Campinas,Unicamp,Computer Engineering,Master,2.0,0,51.4,450,90,400,4.95,11690.0
India,Delhi,Iit Delhi,Artificial Intelligence,Phd,4.0,1900,44.8,320,180,300,82.75,24340.0
Thailand,Khon Kaen,Khon Kaen University,Information Technology,Master,2.0,11000,42.5,250,80,350,35.25,28780.0
Egypt,Alexandria,Alexandria University,Software Engineering,Master,2.0,2200,30.5,200,100,200,30.9,9700.0
Singapore,Singapore,Singapore Management University,Data Analytics,Bachelor,4.0,38000,83.8,1150,90,800,1.35,210490.0
Uae,Sharjah,American University Of Sharjah,Computer Science,Phd,4.0,26000,68.5,900,270,750,3.67,150470.0
Brazil,Porto Alegre,Ufrgs,Data Science,Bachelor,4.0,0,49.8,400,90,400,4.95,20890.0
India,Chennai,Iit Madras,Software Engineering,Master,2.0,1700,42.4,280,180,300,82.75,10900.0
Thailand,Phuket,Prince Of Songkla University,Computer Engineering,Master,2.0,10000,44.8,300,80,350,35.25,27980.0
Egypt,Giza,Ain Shams University,Data Science,Phd,4.0,2400,31.2,220,100,200,30.9,21060.0
Singapore,Singapore,Singapore University Of Technology,Artificial Intelligence,Master,2.0,39000,83.8,1100,90,800,1.35,106090.0
Uae,Ajman,Ajman University,Information Systems,Bachelor,4.0,23000,65.4,800,270,750,3.67,133670.0
Brazil,Recife,Ufpe,Computer Engineering,Master,2.0,0,47.5,350,90,400,4.95,9290.0
India,Hyderabad,Iit Hyderabad,Data Analytics,Phd,4.0,1800,41.2,260,180,300,82.75,21060.0
Thailand,Hat Yai,Prince Of Songkla University,Software Engineering,Bachelor,4.0,9500,43.2,280,80,350,35.25,52920.0
Egypt,Port Said,Port Said University,Computer Science,Master,2.0,2100,29.8,180,100,200,30.9,9020.0
Singapore,Singapore,Sutd,Robotics,Phd,4.0,37000,83.8,1050,90,800,1.35,201690.0
Uae,Al Ain,Uae University,Data Science,Master,2.0,24000,64.2,750,270,750,3.67,67770.0
Brazil,Florianopolis,Ufsc,Information Technology,Phd,4.0,0,48.9,400,90,400,4.95,20890.0
India,Pune,Iit Pune,Computer Science,Master,2.0,1600,40.5,250,180,300,82.75,9980.0
Thailand,Nakhon Ratchasima,Suranaree University,Data Engineering,Master,2.0,9000,41.8,250,80,350,35.25,24780.0
Egypt,Mansoura,Mansoura University,Information Systems,Bachelor,4.0,2000,28.5,170,100,200,30.9,17060.0
Singapore,Singapore,Sim Global Education,Software Engineering,Bachelor,4.0,35000,83.8,1000,90,800,1.35,191290.0
Uae,Ras Al Khaimah,Rak University,Computer Engineering,Master,2.0,22000,62.5,700,270,750,3.67,62570.0
Brazil,Salvador,Ufba,Data Science,Master,2.0,0,46.8,380,90,400,4.95,10010.0
India,Kanpur,Iit Kanpur,Artificial Intelligence,Phd,4.0,1900,39.8,240,180,300,82.75,20500.0
Thailand,Songkhla,Thaksin University,Computer Engineering,Bachelor,4.0,8500,42.5,270,80,350,35.25,48440.0
Egypt,Aswan,Aswan University,Data Analytics,Master,2.0,1900,27.8,160,100,200,30.9,8140.0
Uae,Fujairah,Fujairah University,Information Technology,Bachelor,4.0,21000,61.4,650,270,750,3.67,118470.0
Iceland,Reykjavik,University Of Iceland,Computer Science,Master,2.0,0,84.5,1200,140,900,137.5,30740.0
Colombia,Bogota,Universidad Nacional,Software Engineering,Master,2.0,3500,41.2,400,80,300,3950.0,17280.0
Poland,Warsaw,University Of Warsaw,Data Science,Phd,4.0,3000,54.8,650,80,400,4.1,44880.0
Romania,Bucharest,University Politehnica,Computer Engineering,Bachelor,3.0,2500,45.2,450,120,350,4.65,24870.0
Luxembourg,Luxembourg City,University Of Luxembourg,Artificial Intelligence,Master,2.0,400,83.2,1400,100,800,0.92,36100.0
Indonesia,Jakarta,University Of Indonesia,Information Systems,Master,2.0,5000,45.8,400,150,250,15600.0,20250.0
Iceland,Akureyri,University Of Akureyri,Data Analytics,Bachelor,3.0,0,78.4,900,140,900,137.5,35240.0
Colombia,Medellin,Universidad De Antioquia,Computer Science,Phd,4.0,4000,38.5,350,80,300,3950.0,34080.0
Poland,Krakow,Jagiellonian University,Software Development,Master,2.0,2800,52.4,600,80,400,4.1,20880.0
Romania,Cluj-Napoca,Babes-Bolyai University,Data Science,Master,2.0,2200,43.8,400,120,350,4.65,14820.0
Luxembourg,Esch-Sur-Alzette,Luxembourg School Of Business,Data Engineering,Master,2.0,400,79.5,1200,100,800,0.92,31300.0
Indonesia,Bandung,Institut Teknologi Bandung,Computer Engineering,Phd,4.0,4500,42.4,300,150,250,15600.0,33550.0
Iceland,Reykjavik,Reykjavik University,Robotics,Master,2.0,0,84.5,1150,140,900,137.5,29540.0
Colombia,Cali,Universidad Del Valle,Information Technology,Bachelor,4.0,3200,36.8,300,80,300,3950.0,28480.0
Poland,Wroclaw,Wroclaw University Of Technology,Artificial Intelligence,Master,2.0,2600,50.5,550,80,400,4.1,19280.0
Romania,Timisoara,Politehnica University,Software Engineering,Phd,4.0,2400,42.5,380,120,350,4.65,29360.0
Luxembourg,Belval,Luxembourg Institute Of Science,Computer Science,Bachelor,3.0,400,78.4,1100,100,800,0.92,43300.0
Indonesia,Yogyakarta,Gadjah Mada University,Data Science,Master,2.0,4000,40.2,250,150,250,15600.0,14650.0
Iceland,Hafnarfjordur,Iceland University Of Arts,Digital Design,Master,2.0,0,82.1,1000,140,900,137.5,25940.0
Colombia,Barranquilla,Universidad Del Norte,Computer Engineering,Master,2.0,3800,35.4,280,80,300,3950.0,15000.0
Poland,Poznan,Adam Mickiewicz University,Computer Science,Phd,4.0,2700,51.2,580,80,400,4.1,40320.0
Romania,Iasi,Alexandru Ioan Cuza University,Information Systems,Master,2.0,2100,41.8,350,120,350,4.65,13420.0
Luxembourg,Kirchberg,Sacred Heart University,Data Analytics,Master,2.0,400,81.5,1300,100,800,0.92,33700.0
Indonesia,Surabaya,Institut Teknologi Sepuluh,Software Engineering,Bachelor,4.0,3800,41.5,280,150,250,15600.0,29790.0
Iceland,Kopavogur,Bifrost University,Digital Business,Bachelor,3.0,0,81.2,950,140,900,137.5,37040.0
Colombia,Bucaramanga,Uis,Data Science,Phd,4.0,3500,34.8,260,80,300,3950.0,27760.0
Poland,Gdansk,Gdansk University Of Technology,Cybersecurity,Master,2.0,2500,49.8,520,80,400,4.1,18360.0
Romania,Brasov,Transilvania University,Computer Engineering,Bachelor,4.0,2000,40.5,330,120,350,4.65,25360.0
Luxembourg,Differdange,Miami University Dolibois,Information Technology,Master,2.0,400,77.8,1150,100,800,0.92,30100.0
Indonesia,Malang,Brawijaya University,Artificial Intelligence,Master,2.0,3500,39.8,240,150,250,15600.0,13410.0
Poland,Lodz,Lodz University Of Technology,Software Engineering,Master,2.0,2400,48.5,500,80,400,4.1,17680.0
Romania,Constanta,Ovidius University,Data Analytics,Master,2.0,1900,39.8,320,120,350,4.65,12300.0
Luxembourg,Walferdange,European Business University,Digital Innovation,Bachelor,3.0,400,76.5,1100,100,800,0.92,43300.0
Indonesia,Semarang,Diponegoro University,Computer Science,Phd,4.0,3200,38.5,220,150,250,15600.0,24510.0
Iceland,Borgarnes,Agricultural University,Data Systems,Master,2.0,0,79.8,900,140,900,137.5,23540.0
Colombia,Cartagena,Universidad De Cartagena,Information Systems,Master,2.0,3300,35.2,290,80,300,3950.0,14240.0
Poland,Katowice,University Of Silesia,Computer Engineering,Bachelor,3.0,2300,47.8,480,80,400,4.1,25460.0
Romania,Craiova,University Of Craiova,Software Development,Phd,4.0,2200,38.9,300,120,350,4.65,24720.0
Luxembourg,Bertrange,Chamber Of Commerce School,Business Analytics,Master,2.0,400,75.4,1050,100,800,0.92,27700.0
Indonesia,Denpasar,Udayana University,Information Technology,Master,2.0,3000,37.9,200,150,250,15600.0,11450.0
Tunisia,Tunis,University Of Tunis,Computer Science,Master,2.0,1500,35.8,250,60,200,3.15,9460.0
Cyprus,Nicosia,University Of Cyprus,Data Science,Master,2.0,8000,65.4,600,100,500,0.92,31500.0
Croatia,Zagreb,University Of Zagreb,Software Engineering,Phd,4.0,4000,58.9,450,80,400,7.35,39280.0
Dominican Republic,Santo Domingo,Intec,Computer Engineering,Bachelor,4.0,6000,42.5,350,100,300,56.8,42100.0
Morocco,Rabat,Mohammed V University,Information Systems,Master,2.0,2000,41.2,300,70,250,10.15,11770.0
Peru,Lima,Pucp,Data Analytics,Master,2.0,8500,44.8,400,120,350,3.75,27420.0
Argentina,Buenos Aires,University Of Buenos Aires,Computer Science,Phd,4.0,0,42.5,350,90,280,275.0,18010.0
Tunisia,Sfax,University Of Sfax,Artificial Intelligence,Master,2.0,1400,33.2,200,60,200,3.15,8060.0
Cyprus,Limassol,Cyprus University Of Technology,Software Development,Bachelor,4.0,7500,62.8,550,100,500,0.92,58500.0
Croatia,Split,University Of Split,Data Engineering,Master,2.0,3800,56.4,400,80,400,7.35,18080.0
Dominican Republic,Santiago,Pucmm,Information Technology,Master,2.0,5500,40.2,300,100,300,56.8,18900.0
Morocco,Casablanca,Hassan Ii University,Computer Engineering,Phd,4.0,2200,43.5,350,70,250,10.15,26670.0
Peru,Arequipa,Universidad San Agustin,Software Engineering,Bachelor,4.0,7000,41.2,300,120,350,3.75,43920.0
Argentina,Cordoba,National University Of Cordoba,Data Science,Master,2.0,0,39.8,280,90,280,275.0,7370.0
Tunisia,Sousse,University Of Sousse,Computer Systems,Bachelor,3.0,1300,32.5,180,60,200,3.15,11040.0
Cyprus,Larnaca,American University Cyprus,Artificial Intelligence,Phd,4.0,8200,61.5,500,100,500,0.92,58900.0
Croatia,Rijeka,University Of Rijeka,Information Systems,Master,2.0,3500,54.8,380,80,400,7.35,17000.0
Dominican Republic,La Romana,Universidad Central Este,Computer Science,Bachelor,4.0,5000,38.5,280,100,300,56.8,34740.0
Morocco,Fez,University Of Al Quaraouiyine,Data Analytics,Master,2.0,1800,39.8,250,70,250,10.15,10170.0
Peru,Trujillo,Universidad Nacional De Trujillo,Software Development,Phd,4.0,7500,40.5,280,120,350,3.75,44960.0
Argentina,Rosario,National University Of Rosario,Computer Engineering,Master,2.0,0,38.5,260,90,280,275.0,6890.0
Tunisia,Monastir,University Of Monastir,Data Science,Phd,4.0,1600,31.8,170,60,200,3.15,15420.0
Cyprus,Famagusta,Eastern Mediterranean University,Software Engineering,Master,2.0,7800,59.8,480,100,500,0.92,28220.0
Croatia,Osijek,University Of Osijek,Computer Science,Bachelor,3.0,3200,52.5,350,80,400,7.35,23480.0
Dominican Republic,San Pedro,Ucne,Information Systems,Master,2.0,4800,37.2,260,100,300,56.8,16540.0
Morocco,Marrakech,Cadi Ayyad University,Artificial Intelligence,Phd,4.0,2100,40.5,280,70,250,10.15,22910.0
Peru,Cusco,Universidad San Antonio Abad,Data Analytics,Master,2.0,6800,39.8,260,120,350,3.75,20660.0
Argentina,La Plata,National University Of La Plata,Software Development,Bachelor,4.0,0,37.5,240,90,280,275.0,12730.0
Tunisia,Gabes,University Of Gabes,Computer Engineering,Master,2.0,1400,30.5,160,60,200,3.15,7100.0
Croatia,Zadar,University Of Zadar,Information Technology,Phd,4.0,3600,53.2,370,80,400,7.35,33840.0
Cyprus,Paphos,Neapolis University,Data Science,Bachelor,3.0,7400,58.5,450,100,500,0.92,40000.0
Dominican Republic,Puerto Plata,Utesa,Computer Science,Phd,4.0,4500,36.8,250,100,300,56.8,31300.0
Morocco,Tangier,Abdelmalek Essaadi University,Software Engineering,Master,2.0,1900,38.9,260,70,250,10.15,10610.0
Peru,Piura,Universidad De Piura,Information Systems,Master,2.0,7200,38.5,250,120,350,3.75,21220.0
Argentina,Mendoza,National University Of Cuyo,Data Analytics,Phd,4.0,0,36.8,230,90,280,275.0,12250.0
Tunisia,Bizerte,University Of Carthage,Artificial Intelligence,Bachelor,3.0,1200,29.8,150,60,200,3.15,9660.0
Cyprus,Girne,Girne American University,Computer Engineering,Master,2.0,7600,57.8,430,100,500,0.92,26620.0
Croatia,Dubrovnik,University Of Dubrovnik,Software Development,Master,2.0,3400,54.5,390,80,400,7.35,17040.0
Morocco,Oujda,Mohammed I University,Computer Science,Bachelor,4.0,1700,37.5,240,70,250,10.15,19390.0
Peru,Chiclayo,Universidad San Martin,Data Engineering,Phd,4.0,6500,37.8,240,120,350,3.75,39040.0
Ecuador,Quito,Universidad San Francisco,Computer Science,Master,2.0,8500,45.8,400,100,300,1.0,27300.0
Lebanon,Beirut,American University Of Beirut,Data Science,Master,2.0,20000,58.9,600,150,500,15000.0,55550.0
Bahrain,Manama,University Of Bahrain,Software Engineering,Bachelor,4.0,7000,65.4,700,130,600,0.38,64130.0
Uruguay,Montevideo,Universidad De La Republica,Computer Engineering,Phd,4.0,0,52.4,450,90,350,39.5,23090.0
Bulgaria,Sofia,Sofia University,Information Systems,Master,2.0,3500,48.5,400,110,300,1.85,17310.0
Ghana,Accra,University Of Ghana,Data Analytics,Master,2.0,4500,42.1,300,120,250,12.0,16820.0
Algeria,Algiers,University Of Science And Technology,Computer Science,Bachelor,3.0,1200,38.5,250,80,200,137.5,13280.0
Panama,Panama City,Universidad Tecnologica,Artificial Intelligence,Master,2.0,7500,51.2,600,100,400,1.0,30300.0
Ecuador,Guayaquil,Espol,Software Development,Phd,4.0,7800,43.2,350,100,300,1.0,49300.0
Lebanon,Byblos,Lebanese American University,Data Engineering,Master,2.0,18000,55.4,500,150,500,15000.0,49150.0
Bahrain,Riffa,Royal University For Women,Information Technology,Master,2.0,8000,63.2,650,130,600,0.38,32930.0
Uruguay,Salto,Universidad Ort Uruguay,Computer Science,Master,2.0,6500,48.5,380,90,350,39.5,22910.0
Bulgaria,Plovdiv,Plovdiv University,Data Science,Bachelor,3.0,3200,45.8,350,110,300,1.85,23210.0
Ghana,Kumasi,Kwame Nkrumah University,Software Engineering,Phd,4.0,4200,39.8,250,120,250,12.0,29920.0
Algeria,Oran,University Of Oran,Computer Engineering,Master,2.0,1100,36.4,220,80,200,137.5,7960.0
Panama,David,Isae University,Data Analytics,Bachelor,4.0,6800,47.5,450,100,400,1.0,50500.0
Ecuador,Cuenca,Universidad De Cuenca,Information Systems,Master,2.0,7200,42.5,320,100,300,1.0,22780.0
Lebanon,Tripoli,Lebanese University,Computer Science,Phd,4.0,2000,52.1,400,150,500,15000.0,29350.0
Bahrain,Isa Town,Bahrain Polytechnic,Software Development,Bachelor,4.0,6500,61.8,600,130,600,0.38,57330.0
Uruguay,Maldonado,Universidad Catolica,Data Science,Master,2.0,7000,49.2,400,90,350,39.5,24390.0
Bulgaria,Varna,Technical University Varna,Computer Engineering,Master,2.0,3100,44.2,330,110,300,1.85,14830.0
Ghana,Cape Coast,University Of Cape Coast,Information Technology,Master,2.0,4000,38.5,230,120,250,12.0,14140.0
Algeria,Constantine,University Of Constantine,Data Analytics,Phd,4.0,1300,35.8,200,80,200,137.5,15680.0
Panama,Santiago,Universidad Latina,Computer Science,Master,2.0,6500,45.8,400,100,400,1.0,23500.0
Ecuador,Loja,Utpl,Artificial Intelligence,Bachelor,3.0,6800,41.2,300,100,300,1.0,32200.0
Lebanon,Jounieh,Holy Spirit University,Software Engineering,Master,2.0,16000,54.5,450,150,500,15000.0,43950.0
Bahrain,Sakhir,Arabian Gulf University,Data Science,Phd,4.0,9000,62.4,620,130,600,0.38,68290.0
Uruguay,Rivera,Utec,Information Systems,Bachelor,4.0,0,47.8,350,90,350,39.5,18290.0
Bulgaria,Burgas,Burgas Free University,Computer Science,Master,2.0,2900,43.5,320,110,300,1.85,14190.0
Ghana,Tamale,University For Development,Software Development,Phd,4.0,3800,36.8,200,120,250,12.0,25920.0
Algeria,Annaba,Badji Mokhtar University,Computer Engineering,Master,2.0,1000,34.5,180,80,200,137.5,6800.0
Panama,Chitré,Quality Leadership University,Data Analytics,Bachelor,3.0,6200,44.2,380,100,400,1.0,33580.0
Ecuador,Ambato,Universidad Tecnica,Information Technology,Phd,4.0,6500,40.5,280,100,300,1.0,40740.0
Lebanon,Sidon,Lebanese International,Computer Science,Bachelor,4.0,15000,51.8,420,150,500,15000.0,82310.0
Bahrain,Muharraq,Applied Science University,Data Engineering,Master,2.0,7500,61.5,580,130,600,0.38,30250.0
Uruguay,Paysandu,Universidad De Paysandu,Software Engineering,Master,2.0,0,46.5,330,90,350,39.5,8710.0
Bulgaria,Ruse,University Of Ruse,Artificial Intelligence,Phd,4.0,3300,42.8,300,110,300,1.85,28910.0
Ghana,Ho,University Of Health Sciences,Data Science,Master,2.0,3500,35.4,180,120,250,12.0,11940.0
Algeria,Tlemcen,University Of Tlemcen,Information Systems,Bachelor,3.0,900,33.2,160,80,200,137.5,9140.0
Panama,La Chorrera,Universidad Metropolitana,Computer Science,Master,2.0,6000,43.5,350,100,400,1.0,21300.0
Bangladesh,Dhaka,Bangladesh University Of Engineering,Computer Science,Master,2.0,2500,42.5,250,100,200,109.5,11500.0
Kuwait,Kuwait City,Kuwait University,Data Science,Master,2.0,3500,71.2,800,140,700,0.31,27740.0
Ukraine,Kyiv,Igor Sikorsky Kyiv Polytechnic,Software Engineering,Bachelor,4.0,3800,45.8,400,120,300,36.8,35720.0
Slovenia,Ljubljana,University Of Ljubljana,Computer Engineering,Phd,4.0,4500,62.4,500,80,450,0.92,43880.0
Serbia,Belgrade,University Of Belgrade,Information Systems,Master,2.0,2800,48.5,350,90,320,108.5,14730.0
Iran,Tehran,Sharif University Of Technology,Data Analytics,Master,2.0,3000,51.2,400,150,280,42150.0,16310.0
Uzbekistan,Tashkent,Inha University Tashkent,Computer Science,Bachelor,4.0,4200,44.5,300,160,250,12300.0,32360.0
El Salvador,San Salvador,Universidad Don Bosco,Software Development,Master,2.0,5500,46.8,400,110,300,1.0,21310.0
Bangladesh,Chittagong,Cuet,Artificial Intelligence,Phd,4.0,2200,39.8,200,100,200,109.5,19300.0
Kuwait,Hawalli,American University Kuwait,Data Engineering,Master,2.0,15000,68.5,750,140,700,0.31,49540.0
Ukraine,Lviv,Lviv Polytechnic,Computer Science,Master,2.0,3500,43.2,350,120,300,36.8,16120.0
Slovenia,Maribor,University Of Maribor,Data Science,Master,2.0,4200,58.5,450,80,450,0.92,20180.0
Serbia,Novi Sad,University Of Novi Sad,Software Engineering,Phd,4.0,2600,45.8,320,90,320,108.5,27130.0
Iran,Isfahan,Isfahan University Of Technology,Information Systems,Bachelor,3.0,2800,48.5,350,150,280,42150.0,21990.0
Uzbekistan,Samarkand,Samarkand State University,Data Analytics,Master,2.0,3800,41.2,250,160,250,12300.0,14260.0
El Salvador,Santa Ana,Universidad Catolica,Computer Engineering,Bachelor,4.0,5000,44.5,350,110,300,1.0,38110.0
Bangladesh,Khulna,Khulna University,Software Development,Master,2.0,2100,38.5,180,100,200,109.5,9020.0
Kuwait,Al Jahra,Gulf University For Science,Artificial Intelligence,Phd,4.0,14000,66.8,700,140,700,0.31,92540.0
Ukraine,Kharkiv,Kharkiv Polytechnic,Data Science,Master,2.0,3400,42.5,330,120,300,36.8,15440.0
Slovenia,Koper,University Of Primorska,Information Technology,Bachelor,3.0,4000,57.2,420,80,450,0.92,28550.0
Serbia,Nis,University Of Nis,Computer Engineering,Master,2.0,2500,44.2,300,90,320,108.5,12930.0
Iran,Mashhad,Ferdowsi University,Data Analytics,Phd,4.0,2900,47.8,320,150,280,42150.0,28230.0
Uzbekistan,Bukhara,Bukhara State University,Computer Science,Bachelor,4.0,3500,39.8,220,160,250,12300.0,25720.0
El Salvador,San Miguel,Universidad De Oriente,Information Systems,Master,2.0,4800,43.2,320,110,300,1.0,17990.0
Bangladesh,Rajshahi,Ruet,Software Engineering,Master,2.0,2000,37.2,170,100,200,109.5,8580.0
Kuwait,Salmiya,Australian College Kuwait,Data Science,Bachelor,3.0,13500,65.4,680,140,700,0.31,67220.0
Ukraine,Odesa,Odesa Polytechnic,Artificial Intelligence,Phd,4.0,3600,41.8,320,120,300,36.8,31080.0
Slovenia,Nova Gorica,University Of Nova Gorica,Computer Science,Master,2.0,4100,56.5,400,80,450,0.92,18780.0
Serbia,Kragujevac,University Of Kragujevac,Data Engineering,Bachelor,4.0,2400,43.5,280,90,320,108.5,24410.0
Iran,Shiraz,Shiraz University,Software Development,Master,2.0,2700,46.8,300,150,280,42150.0,13310.0
Uzbekistan,Namangan,Namangan Institute,Information Technology,Master,2.0,3400,38.5,200,160,250,12300.0,12260.0
El Salvador,Sonsonate,Universidad De Sonsonate,Data Science,Bachelor,3.0,4500,42.8,300,110,300,1.0,25310.0
Bangladesh,Sylhet,Sust,Computer Engineering,Phd,4.0,2300,36.8,160,100,200,109.5,17780.0
Kuwait,Al Ahmadi,Ack,Software Engineering,Master,2.0,13000,64.5,650,140,700,0.31,43140.0
Ukraine,Dnipro,Dnipro Polytechnic,Data Analytics,Master,2.0,3300,40.5,300,120,300,36.8,14520.0
Slovenia,Celje,Faculty Of Logistics,Information Systems,Bachelor,3.0,3900,55.4,380,80,450,0.92,26810.0
Serbia,Subotica,University Of Subotica,Computer Science,Master,2.0,2300,42.8,270,90,320,108.5,11810.0
Iran,Tabriz,University Of Tabriz,Artificial Intelligence,Phd,4.0,2600,45.5,280,150,280,42150.0,25110.0
Uzbekistan,Andijan,Andijan State University,Software Development,Master,2.0,3200,37.8,180,160,250,12300.0,11380.0
El Salvador,Santa Tecla,Itca-Fepade,Computer Engineering,Bachelor,4.0,4200,42.1,280,110,300,1.0,31550.0
Malaysia,Kuala Lumpur,University Of Malaya,Computer Science,Master,2.0,8500,55.4,500,120,400,4.65,29920.0
Saudi Arabia,Riyadh,King Saud University,Data Science,Phd,4.0,5000,72.5,800,200,800,3.75,61800.0
Usa,Boston,Harvard University,Artificial Intelligence,Master,2.0,58000,82.1,2200,160,1500,1.0,171960.0
Uk,London,Imperial College,Computer Engineering,Master,2.0,42000,75.3,1800,485,800,0.79,129285.0
Spain,Madrid,Universidad Politecnica,Software Engineering,Phd,4.0,3500,71.4,1100,80,750,0.92,69880.0
Italy,Milan,Politecnico Di Milano,Data Analytics,Master,2.0,4000,73.2,1200,120,700,0.92,38320.0
France,Paris,Sorbonne University,Computer Science,Master,2.0,4500,84.3,1800,99,850,0.92,53999.0
Malaysia,Penang,Usm,Information Systems,Bachelor,3.0,7500,52.1,450,120,400,4.65,40020.0
Saudi Arabia,Jeddah,King Abdulaziz University,Data Engineering,Master,2.0,4800,70.2,750,200,800,3.75,29400.0
Usa,Stanford,Stanford University,Computer Science,Phd,5.0,52000,84.3,2300,160,1500,1.0,405660.0
Uk,Cambridge,University Of Cambridge,Artificial Intelligence,Phd,4.0,45000,71.5,1600,485,800,0.79,260485.0
Spain,Barcelona,Universitat De Barcelona,Data Science,Master,2.0,3800,73.6,1000,80,750,0.92,33180.0
Italy,Rome,Sapienza University,Software Engineering,Bachelor,3.0,3500,71.2,1100,120,700,0.92,52320.0
France,Lyon,École Normale Supérieure,Computer Engineering,Master,2.0,4200,75.6,1200,99,850,0.92,38999.0
Malaysia,Johor Bahru,Utm,Data Analytics,Phd,4.0,8000,51.8,400,120,400,4.65,52920.0
Saudi Arabia,Dhahran,Kfupm,Computer Science,Master,2.0,4500,68.5,700,200,800,3.75,27600.0
Usa,Berkeley,Uc Berkeley,Data Science,Master,2.0,54000,83.2,2000,160,1500,1.0,159160.0
Uk,Oxford,University Of Oxford,Software Engineering,Master,2.0,40000,71.5,1400,485,800,0.79,115685.0
Spain,Valencia,Universidad De Valencia,Information Systems,Phd,4.0,3200,68.5,800,80,750,0.92,54280.0
Italy,Turin,Politecnico Di Torino,Artificial Intelligence,Master,2.0,3800,69.8,900,120,700,0.92,30720.0
France,Toulouse,Insa Toulouse,Data Engineering,Phd,4.0,4300,72.1,1000,99,850,0.92,68699.0
Malaysia,Kuching,Unimas,Computer Science,Master,2.0,7000,49.5,380,120,400,4.65,24040.0
Saudi Arabia,Medina,Islamic University,Software Development,Bachelor,4.0,4200,65.4,650,200,800,3.75,51400.0
Usa,Mit,Massachusetts,Robotics,Phd,5.0,56000,82.1,2100,160,1500,1.0,413660.0
Uk,Edinburgh,University Of Edinburgh,Data Science,Master,2.0,38000,67.8,1100,485,800,0.79,104485.0
Spain,Seville,Universidad De Sevilla,Computer Engineering,Master,2.0,3000,65.4,750,80,750,0.92,25580.0
Italy,Bologna,University Of Bologna,Information Systems,Phd,4.0,3600,70.5,950,120,700,0.92,62920.0
France,Marseille,Aix-Marseille University,Artificial Intelligence,Master,2.0,4100,73.5,1100,99,850,0.92,36399.0
Malaysia,Cyberjaya,Multimedia University,Data Analytics,Bachelor,3.0,7800,53.2,450,120,400,4.65,40920.0
Saudi Arabia,Dammam,Imam Abdulrahman University,Computer Science,Master,2.0,4600,67.8,680,200,800,3.75,27320.0
Usa,New York,Columbia University,Data Science,Master,2.0,62000,100.0,2500,160,1500,1.0,187160.0
Uk,Manchester,University Of Manchester,Software Engineering,Phd,4.0,35000,65.4,900,485,800,0.79,186885.0
Spain,Granada,Universidad De Granada,Computer Science,Bachelor,3.0,2800,64.5,700,80,750,0.92,35930.0
Italy,Florence,University Of Florence,Data Engineering,Master,2.0,3500,71.2,1000,120,700,0.92,32520.0
France,Bordeaux,University Of Bordeaux,Information Systems,Phd,4.0,4300,72.1,1000,99,850,0.92,68699.0
Malaysia,Bangi,Ukm,Artificial Intelligence,Master,2.0,7200,51.5,420,120,400,4.65,25400.0
Saudi Arabia,Taif,Taif University,Software Development,Master,2.0,4400,64.5,600,200,800,3.75,25000.0
Usa,Los Angeles,Ucla,Computer Engineering,Phd,5.0,52000,79.8,2200,160,1500,1.0,399660.0
Uk,Bristol,University Of Bristol,Data Analytics,Master,2.0,36000,68.9,1200,485,800,0.79,102885.0
Spain,Bilbao,University Of The Basque Country,Information Technology,Master,2.0,3400,67.8,850,80,750,0.92,28780.0
Italy,Naples,University Of Naples,Computer Science,Bachelor,3.0,3200,67.8,800,120,700,0.92,40620.0
France,Nice,University Of Nice,Data Science,Master,2.0,4100,76.5,1300,99,850,0.92,41199.0
Malaysia,Melaka,Utem,Software Engineering,Phd,4.0,7500,50.2,400,120,400,4.65,50920.0
Saudi Arabia,Tabuk,University Of Tabuk,Computer Engineering,Bachelor,4.0,4100,63.2,580,200,800,3.75,47640.0
Usa,Chicago,University Of Chicago,Artificial Intelligence,Master,2.0,58000,84.1,1900,160,1500,1.0,164760.0
Uk,Glasgow,University Of Glasgow,Data Engineering,Phd,4.0,34000,64.5,950,485,800,0.79,185285.0
Spain,Salamanca,University Of Salamanca,Information Systems,Master,2.0,3100,62.1,600,80,750,0.92,22180.0
Italy,Pisa,University Of Pisa,Software Development,Master,2.0,3300,68.9,850,120,700,0.92,28520.0
France,Lille,University Of Lille,Computer Science,Bachelor,3.0,4200,69.8,950,99,850,0.92,49449.0
Malaysia,Shah Alam,Uitm,Data Analytics,Master,2.0,7100,51.8,430,120,400,4.65,25440.0
Saudi Arabia,Makkah,Umm Al-Qura University,Information Technology,Phd,4.0,4300,65.8,650,200,800,3.75,51800.0
Usa,San Francisco,Stanford University,Data Science,Master,2.0,55000,95.2,2400,160,1500,1.0,170760.0
Uk,Leeds,University Of Leeds,Computer Engineering,Master,2.0,35000,63.2,900,485,800,0.79,93685.0
Spain,Zaragoza,University Of Zaragoza,Artificial Intelligence,Phd,4.0,2900,63.2,650,80,750,0.92,45880.0
Italy,Padua,University Of Padua,Software Engineering,Master,2.0,3400,69.5,900,120,700,0.92,29920.0
France,Strasbourg,University Of Strasbourg,Data Analytics,Master,2.0,4000,70.2,1000,99,850,0.92,33799.0
Malaysia,Nilai,Usim,Computer Science,Bachelor,3.0,6800,50.5,400,120,400,4.65,36120.0
Saudi Arabia,Al-Ahsa,King Faisal University,Information Systems,Master,2.0,4200,64.2,600,200,800,3.75,24600.0
Usa,Seattle,University Of Washington,Software Development,Phd,5.0,50000,77.8,2000,160,1500,1.0,377660.0
Uk,Nottingham,University Of Nottingham,Data Engineering,Master,2.0,34000,61.2,800,485,800,0.79,89285.0
