COUNTRY,COURSE_TYPE,COURSE_(SPECIALIZATION),FEES,CURRENCY,FEES_USD
Germany,MBA,MBA in Sales & Marketing ,3678127.31,INR,39003.597620702
Germany,MBA,MBA in Banking,1253594.37,INR,13293.365418354
Germany,MBA,MBA in Business Administration,454540.69,INR,4820.0403848979995
Germany,MBA,MBA in Hospital/Healthcare Management,3246719.22,INR,34428.859952724
Germany,MBA,MBA in Human Resource Management,1217519.71,INR,12910.822508782
Germany,MBA,MBA in Internal Business,1442986.32,INR,15301.715534544
Germany,MBA,MBA in Supply Chain & Logistics Management,1112181.71,INR,11793.797289181999
Germany,MBA,MBA in General Management,1420439.66,INR,15062.626242571998
Germany,MBA,MBA in Global Business Management,1339271.68,INR,14201.904749055999
Germany,MBA,MBA in Entrepreneurship & Leadership Management,1147174.12,INR,12164.863803304
Germany,MBA,MBA in Tourism,1217519.71,INR,12910.822508782
Germany,MBA,MBA in Business Engineer,1316725.02,INR,13962.815457084
Germany,MBA,MBA in Finance,1442986.32,INR,15301.715534544
Germany,MBA,MBA in Accounting,1354964.15,INR,14368.310839429998
Germany,MBA,MBA in Project Management,1112181.71,INR,11793.797289181999
Germany,MBA,MBA in E-Sports Management,1354964.15,INR,14368.310839429998
Germany,MASTERS OF MANAGEMENT,MASTERS OF MANAGEMENT in Hotel Management,1226769.15,INR,13008.90542043
Germany,MASTERS OF MANAGEMENT,MASTERS OF MANAGEMENT in Marketing,1082894.39,INR,11483.228690437998
Germany,MASTERS OF MANAGEMENT,MASTERS OF MANAGEMENT in Event Management,938117.59,INR,9947.986547878
Germany,MASTERS OF MANAGEMENT,MASTERS OF MANAGEMENT in Luxury & Brand,1028321.2,INR,10904.52366904
Germany,MASTERS OF MANAGEMENT,MASTERS OF MANAGEMENT in Logistics & Supply Chain ,1195197.89,INR,12674.117465137999
Germany,MASTERS OF MANAGEMENT,MASTERS OF MANAGEMENT in International Business ,1082894.39,INR,11483.228690437998
Germany,MASTERS OF MANAGEMENT,MASTERS OF MANAGEMENT in Supply Chain Management,1533461.44,INR,16261.131802048
Germany,MASTERS OF MANAGEMENT,MASTERS OF MANAGEMENT in Hospital/Healthcare Management,1195197.89,INR,12674.117465137999
Germany,MASTERS OF MANAGEMENT,MASTERS OF MANAGEMENT in Real Estate,3047078.08,INR,32311.825375935998
Germany,MASTERS OF MANAGEMENT,MASTERS OF MANAGEMENT in Human Resource Management,1195197.89,INR,12674.117465137999
Germany,MASTERS OF MANAGEMENT,MASTERS OF MANAGEMENT in Risk Management,755906.29,INR,8015.781480418
Germany,MASTERS OF MANAGEMENT,"MASTERS OF MANAGEMENT in Sports,Leisure & Tourism",986647.13,INR,10462.603495946
Germany,MASTERS OF MANAGEMENT,MASTERS OF MANAGEMENT in Eco-Design & Sustainable,1163626.62,INR,12339.329403804
Germany,MASTERS OF MANAGEMENT,MASTERS OF MANAGEMENT in Tourism,1195197.89,INR,12674.117465137999
Germany,MASTERS OF MANAGEMENT,MASTERS OF MANAGEMENT in Data Analysis,1353054.21,INR,14348.057453681999
Germany,MASTERS OF MANAGEMENT,MASTERS OF MANAGEMENT in Digital Marketing,1353054.21,INR,14348.057453681999
Germany,MASTERS OF MANAGEMENT,MASTERS OF MANAGEMENT in Fashion Management,2256894.43,INR,23932.559914606
Germany,MASTERS OF MANAGEMENT,MASTERS OF MANAGEMENT in Media Management,1172646.98,INR,12434.983105316
Germany,MASTERS OF MANAGEMENT,MASTERS OF MANAGEMENT in Psychology Management,516866.71,INR,5480.957966182
Germany,MASTERS OF MANAGEMENT,MASTERS OF MANAGEMENT in Public Relations Management,1353054.21,INR,14348.057453681999
Germany,MASTERS OF MANAGEMENT,MASTERS OF MANAGEMENT in Sports Management,1217748.79,INR,12913.251718918
Germany,MASTERS OF MANAGEMENT,MASTERS OF MANAGEMENT in Stratergic Management,1136565.54,INR,12052.368299268
Germany,M.ENG,M.ENG in Mechanical,2329959.35,INR,24707.35493927
Germany,M.ENG,M.ENG in Electrical,1298932.04,INR,13774.135138568
Germany,M.ENG,M.ENG in Architecture,584519.42,INR,6198.360833564
Germany,M.ENG,M.ENG in Civil ,1298932.04,INR,13774.135138568
Germany,M.ENG,M.ENG in IT & Networking,270610.84,INR,2869.6114695280003
Germany,M.ENG,M.ENG in Chemical,270610.84,INR,2869.6114695280003
Germany,M.ENG,M.ENG in Computer Science Engineering,1044106.83,INR,11071.917646685999
Germany,M.ENG,M.ENG in Aerospace,3157125.6,INR,33478.79128752
Germany,M.ENG,M.ENG in Biomedical,90835.04,INR,963.2329311679998
Germany,M.ENG,M.ENG in Energy & Environment,1298932.04,INR,13774.135138568
Germany,M.ENG,M.ENG in Industrial,1344033.85,INR,14252.40375217
Germany,M.ENG,M.ENG in International Business,1163626.62,INR,12339.329403804
Germany,M.ENG,M.ENG in Production,811832.53,INR,8608.834514626
Germany,M.Sc,M.Sc in Physics,1623665.05,INR,17217.66892321
Germany,M.Sc,M.Sc in Chemistry,1398156.02,INR,14826.326067283999
Germany,M.Sc,M.Sc in Biology,1262850.6,INR,13391.52033252
Germany,M.Sc,M.Sc in Psychology ,1226769.15,INR,13008.90542043
Germany,M.Sc,M.Sc in Nursing,1623665.05,INR,17217.66892321
Germany,M.Sc,M.Sc in Environment,1488359.63,INR,15782.863188445997
Germany,M.Sc,M.Sc in Agriculture,1127545.18,INR,11956.714597756
Germany,M.Sc,M.Sc inBusiness & Finance,1894275.9,INR,20087.280498779997
Germany,M.Sc,M.Sc inI.T,1804072.28,INR,19130.743271576
Germany,M.Sc,M.Sc inData Science,2119784.93,INR,22478.623354706
Usa,MBA,MBA in Sales & Marketing,2638614.4,INR,27980.394820479996
Usa,MBA,MBA in Business Administration,1417822.57,INR,15034.874096794
Usa,MBA,MBA in Hospital/Healthcare Management,2058338.9,INR,21827.037363379997
Usa,MBA,MBA in International Business,2660913.49,INR,28216.858830658002
Usa,MBA,MBA in Supply Chain & Logistics Management,4676151.91,INR,49586.850084022
Usa,MBA,MBA in Entrepreneurship & Leadership Management,2479691.8,INR,26295.147785559995
Usa,MBA,MBA in Finance,2660913.49,INR,28216.858830658002
Usa,MBA,MBA in Accounting,2058338.9,INR,21827.037363379997
Usa,MBA,MBA in Project Management,2321434.85,INR,24616.959436369998
Usa,MBA,MBA in Executive MBA,7779718.92,INR,82497.695371464
Usa,MASTERS OF MANAGEMENT,MASTER OF MANAGEMENT in Hotel Management,4219519.85,INR,44744.63239337
Usa,MASTERS OF MANAGEMENT,MASTER OF MANAGEMENT in Marketing,5325155.2,INR,56469.010771839996
Usa,MASTERS OF MANAGEMENT,MASTER OF MANAGEMENT in Logistics & Supply Chain ,869498.0,INR,9220.3306916
Usa,MASTERS OF MANAGEMENT,MASTER OF MANAGEMENT in International Business ,3032509.48,INR,32157.337027815996
Usa,MASTERS OF MANAGEMENT,MASTER OF MANAGEMENT in Supply Chain Management,4153621.06,INR,44045.828444451996
Usa,MASTERS OF MANAGEMENT,MASTER OF MANAGEMENT in Hospital/Healthcare Management,4219519.85,INR,44744.63239337
Usa,MASTERS OF MANAGEMENT,MASTER OF MANAGEMENT in Real Estate,5325155.2,INR,56469.010771839996
Usa,MASTERS OF MANAGEMENT,MASTER OF MANAGEMENT in Risk Management,5325155.2,INR,56469.010771839996
Usa,MASTERS OF MANAGEMENT,"MASTER OF MANAGEMENT in Sports,Leisure & Tourism",3983382.5,INR,42240.5847065
Usa,MASTERS OF MANAGEMENT,MASTER OF MANAGEMENT in Wine & Gastronomy,207181.82,INR,2196.9974556439997
Usa,MASTERS OF MANAGEMENT,MASTER OF MANAGEMENT in Public Relations Management,2396319.84,INR,25411.054847327996
Usa,MASTERS OF MANAGEMENT,MASTER OF MANAGEMENT in Sports Management,2034375.7,INR,21572.92679794
Usa,MASTERS OF MANAGEMENT,MASTER OF MANAGEMENT in Spriti Marketing,2571051.5,INR,27263.9443163
Usa,MASTERS OF MANAGEMENT,MASTER OF MANAGEMENT in Finance,3292942.85,INR,34919.024569969995
Usa,MASTERS OF MANAGEMENT,MASTER OF MANAGEMENT in Eco-Design & Sustainable,1514341.01,INR,16058.374938242
Usa,M.ENG,M.ENG in Mechanical,4447336.65,INR,47160.44730393
Usa,M.ENG,M.ENG in Marine,877568.94,INR,9305.916553547999
Usa,M.ENG,M.ENG in Electrical,3022857.63,INR,32054.986880045995
Usa,M.ENG,M.ENG in Architecture,4125331.17,INR,43745.83679291399
Usa,M.ENG,M.ENG in Civil ,4397995.76,INR,46637.226638192
Usa,M.ENG,M.ENG in IT & Networking,4203544.39,INR,44575.22542043799
Usa,M.ENG,M.ENG in Chemical,4125331.17,INR,43745.83679291399
Usa,M.ENG,M.ENG in Computer Science Engineering,4447336.65,INR,47160.44730393
Usa,M.ENG,M.ENG in Aerospace,3814641.65,INR,40451.22298493
Usa,M.ENG,M.ENG in Biomedical,4422541.39,INR,46897.51340783799
Usa,M.ENG,M.ENG in Energy & Environment,4005515.18,INR,42475.284071756
Usa,M.ENG,M.ENG in Industrial,3371156.06,INR,35748.413091452
Usa,M.ENG,M.ENG in Production,1637485.22,INR,17364.220769924
Usa,M.ENG,M.ENG in Nuclear ,839876.82,INR,8906.221774643998
Usa,M.ENG,M.ENG in Nanotechnology,1457178.8,INR,15452.21543096
Usa,M.ENG,M.ENG in Software,4214361.11,INR,44689.928082662
Usa,M.ENG,M.ENG in Bio Engineering,3287950.51,INR,34866.084798141994
Usa,M.Sc,M.Sc in Physics,4447336.65,INR,47160.44730393
Usa,M.Sc,M.Sc in Chemistry,4613747.75,INR,48925.103890549995
Usa,M.Sc,M.Sc in Biology,4863364.4,INR,51572.088770480004
Usa,M.Sc,M.Sc in Psychology ,2492172.63,INR,26427.497003046
Usa,M.Sc,M.Sc in NeuroScience,3729272.75,INR,39545.95409555
Usa,M.Sc,M.Sc in Environment,3729272.75,INR,39545.95409555
Usa,M.Sc,M.Sc in Agriculture,2537353.25,INR,26906.60133365
Usa,M.Sc,M.Sc in Forensic Science,1535142.4,INR,16278.957038079998
Usa,M.Sc,M.Sc in Botany,1808722.25,INR,19180.05248345
Usa,M.Sc,M.Sc in Energy & Environment,2396319.84,INR,25411.054847327996
Usa,M.Sc,M.Sc in Zoology,2098277.56,INR,22250.554901752
Usa,M.Sc,M.Sc in Mathematics,4397995.76,INR,46637.226638192
Usa,M.Sc,M.Sc in Geology,3814641.65,INR,40451.22298493
Canada,MBA,MBA in Executive MBA,2261903.85,INR,23985.68080617
Canada,MBA,MBA in Banking,1735926.81,INR,18408.115078602
Canada,MBA,MBA in Business Administration,3868254.57,INR,41019.745111193995
Canada,MBA,MBA in Hospital/Healthcare Management,2357658.81,INR,25001.085553001998
Canada,MBA,MBA in Human Resource Management,1675711.67,INR,17769.581691014
Canada,MBA,MBA in International Business,1735926.81,INR,18408.115078602
Canada,MBA,MBA in Entrepreneurship & Leadership Management,1735926.81,INR,18408.115078602
Canada,MBA,MBA in Project Management,1557552.52,INR,16516.598432584
Canada,MBA,MBA in Marketing,1387219.19,INR,14710.349734597998
Canada,MASTERS OF MANAGEMENT,MASTERS OF MANAGEMENT in Hotel Management,1012792.77,INR,10739.857091634
Canada,MASTERS OF MANAGEMENT,MASTERS OF MANAGEMENT in Marketing,994501.12,INR,10545.888776704
Canada,MASTERS OF MANAGEMENT,MASTERS OF MANAGEMENT in Event Management,985478.06,INR,10450.206443852
Canada,MASTERS OF MANAGEMENT,MASTERS OF MANAGEMENT in Logistics & Supply Chain ,869712.77,INR,9222.608155634
Canada,MASTERS OF MANAGEMENT,MASTERS OF MANAGEMENT in International Business ,2949682.22,INR,31279.020197324
Canada,MASTERS OF MANAGEMENT,MASTERS OF MANAGEMENT in Supply Chain Management,1507403.93,INR,15984.812754505998
Canada,MASTERS OF MANAGEMENT,MASTERS OF MANAGEMENT in Hospital/Healthcare Management,3729532.65,INR,39548.71012713
Canada,MASTERS OF MANAGEMENT,MASTERS OF MANAGEMENT in Real Estate,859339.32,INR,9112.606017143999
Canada,MASTERS OF MANAGEMENT,MASTERS OF MANAGEMENT in Human Resource Management,890030.01,INR,9438.056232042
Canada,MASTERS OF MANAGEMENT,MASTERS OF MANAGEMENT in Risk Management,1103453.07,INR,11701.237044894
Canada,MASTERS OF MANAGEMENT,"MASTERS OF MANAGEMENT in Sports,Leisure & Tourism",767267.25,INR,8136.255372449999
Canada,MASTERS OF MANAGEMENT,MASTERS OF MANAGEMENT in Eco-Design & Sustainable,2739082.7,INR,29045.780767340002
Canada,MASTERS OF MANAGEMENT,MASTERS OF MANAGEMENT in Tourism,1619240.8,INR,17170.75329136
Canada,MASTERS OF MANAGEMENT,MASTERS OF MANAGEMENT in Data Analysis,3255975.3,INR,34527.01327626
Canada,MASTERS OF MANAGEMENT,MASTERS OF MANAGEMENT in Digital Marketing,2930224.32,INR,31072.684734143997
Canada,MASTERS OF MANAGEMENT,MASTERS OF MANAGEMENT in Leadership,1659138.7,INR,17593.83860254
Canada,MASTERS OF MANAGEMENT,MASTERS OF MANAGEMENT in Public Relations Management,1074296.91,INR,11392.059293022
Canada,MASTERS OF MANAGEMENT,MASTERS OF MANAGEMENT in Sports Management,3831425.74,INR,40629.204832108
Canada,MASTERS OF MANAGEMENT,MASTERS OF MANAGEMENT in Stratergic Management,1103453.07,INR,11701.237044894
Canada,MASTERS OF MANAGEMENT,MASTERS OF MANAGEMENT in Business Analytics,2785180.12,INR,29534.607028504
Canada,MASTERS OF MANAGEMENT,MASTERS OF MANAGEMENT in Purchasing & resourcing,767267.25,INR,8136.255372449999
Canada,MASTERS OF MANAGEMENT,MASTERS OF MANAGEMENT in Project Management,3831425.74,INR,40629.204832108
Canada,M.ENG,M.ENG in Mechanical,3366154.88,INR,35695.379578495995
Canada,M.ENG,M.ENG in Electrical,978603.34,INR,10377.305538027998
Canada,M.ENG,M.ENG in Architecture,1069671.21,INR,11343.007445082
Canada,M.ENG,M.ENG in Civil ,1102470.97,INR,11690.822660073998
Canada,M.ENG,M.ENG in IT & Networking,1726719.6,INR,18310.47998232
Canada,M.ENG,M.ENG in Chemical,3366154.88,INR,35695.379578495995
Canada,M.ENG,M.ENG in Computer Science Engineering,2802428.29,INR,29717.510072818
Canada,M.ENG,M.ENG in Aerospace,3366154.88,INR,35695.379578495995
Canada,M.ENG,M.ENG in Agriculture,1069671.21,INR,11343.007445082
Canada,M.ENG,M.ENG in Biomedical,528186.77,INR,5600.998146434
Canada,M.ENG,M.ENG in Biology,681149.17,INR,7223.042028514
Canada,M.ENG,M.ENG in Environmental,2963124.74,INR,31421.567367908
Canada,M.ENG,M.ENG in Mining,1194972.71,INR,12671.729611382
Canada,M.ENG,M.ENG in Industrial,1321234.2,INR,14010.631703639998
Canada,M.ENG,M.ENG in Nanotechnology,1961135.09,INR,20796.268721378
Canada,M.ENG,M.ENG in Nuclear ,1310369.7,INR,13895.422372739999
Canada,M.ENG,M.ENG in Software,3527096.86,INR,37402.040522812
Canada,M.ENG,M.ENG in Texttile,1068036.01,INR,11325.667457242
Canada,M.Sc,M.Sc in Physics,3101854.12,INR,32892.681459303996
Canada,M.Sc,M.Sc inChemistry,658853.87,INR,6986.618208254
Canada,M.Sc,M.Sc inBiology,2635909.31,INR,27951.709505102
Canada,M.Sc,M.Sc inPsychology ,720276.11,INR,7637.951925662
Canada,M.Sc,M.Sc inNursing,802501.66,INR,8509.888102972
Canada,M.Sc,M.Sc inEnvironment,442980.92,INR,4697.4582718639995
Canada,M.Sc,M.Sc inAgriculture,1821061.47,INR,19310.900040173998
Canada,M.Sc,M.Sc inEnergy & Environment,1063314.7,INR,11275.601741739998
Canada,M.Sc,M.Sc inZoology,1363635.52,INR,14460.263781184
Canada,M.Sc,M.Sc inMathematics,2808755.82,INR,29784.608466443995
France,MBA,MBA in Sales & Marketing,2164886.74,INR,22956.891968308002
France,MBA,MBA inBanking,893015.78,INR,9469.717934276
France,MBA,MBA inBusiness Administration,2836903.66,INR,30083.093791372
France,MBA,MBA in Hospital/Healthcare Management,856934.33,INR,9087.103022185998
France,MBA,MBA in Human Resource Management,630523.26,INR,6686.194753692
France,MBA,MBA in Internal Business,2164886.74,INR,22956.891968308002
France,MBA,MBA in Supply Chain & Logistics Management,1204218.25,INR,12769.77116665
France,MBA,MBA in Global Business Management,9200768.64,INR,97566.790812288
France,MBA,MBA in Entrepreneurship & Leadership Management,1082443.37,INR,11478.445984154001
France,MBA,MBA in Tourism,802812.17,INR,8513.180813114
France,MBA,MBA in Business Engineer,1170842.91,INR,12415.852386221999
France,MBA,MBA in Finance,981415.32,INR,10407.124336343999
France,MBA,MBA in Accounting,893015.78,INR,9469.717934276
France,MBA,MBA in Project Management,1082443.37,INR,11478.445984154001
France,MBA,MBA in Gastronomy,1649824.1,INR,17495.06472122
France,MBA,MBA in Information Technology,1469416.87,INR,15581.990372854001
France,MBA,MBA in Leadership Management,3517940.95,INR,37304.94942199
France,MBA,MBA in Luxury Management,1249320.06,INR,13248.039780252
France,MBA,MBA in Wine Marketing & Management,978709.21,INR,10378.428204681999
France,MASTERS OF MANAGEMENT,MASTERS OF MANAGEMENT in Hotel Management,631792.0,INR,6699.6487264
France,MASTERS OF MANAGEMENT,MASTERS OF MANAGEMENT in Management,1791581.6,INR,18998.28960272
France,MASTERS OF MANAGEMENT,MASTERS OF MANAGEMENT in Marketing,2518142.4,INR,26702.88563808
France,MASTERS OF MANAGEMENT,MASTERS OF MANAGEMENT in Event Management,1362865.6,INR,14452.099395520001
France,MASTERS OF MANAGEMENT,MASTERS OF MANAGEMENT in Luxury and Brand,1252028.57,INR,13276.761361994
France,MASTERS OF MANAGEMENT,MASTERS OF MANAGEMENT in Digital Marketing & E-Business,1916462.5,INR,20322.5516425
France,MASTERS OF MANAGEMENT,MASTERS OF MANAGEMENT in Logistic and Supply Chain,1057670.34,INR,11215.747819428001
France,MASTERS OF MANAGEMENT,MASTERS OF MANAGEMENT in International Corporate Finance,1057670.34,INR,11215.747819428001
France,MASTERS OF MANAGEMENT,MASTERS OF MANAGEMENT in International Business,894951.83,INR,9490.248195686
France,MASTERS OF MANAGEMENT,MASTERS OF MANAGEMENT in Real Estate,1012470.75,INR,10736.44232715
France,MASTERS OF MANAGEMENT,MASTERS OF MANAGEMENT in Human Resource ,1645264.98,INR,17446.718900916
France,MASTERS OF MANAGEMENT,MASTERS OF MANAGEMENT in Risk Management,1627185.14,INR,17254.996661587997
France,MASTERS OF MANAGEMENT,MASTERS OF MANAGEMENT in International Sports And Event Management,1572945.64,INR,16679.830155688
France,M.ENG,M.ENG in ME/M.TECH,786472.82,INR,8339.915077844
France,M.ENG,M.ENG in Electtical Engineering,813592.57,INR,8627.498330793998
France,M.ENG,M.ENG in Architecture,1627185.14,INR,17254.996661587997
France,M.ENG,M.ENG in Civil Engineering,451995.87,INR,4793.054604653999
France,M.ENG,M.ENG in IT Engineering,922794.77,INR,9785.500300034
France,M.ENG,M.ENG in Computer Engineering,1242988.65,INR,13180.900242329999
France,M.ENG,M.ENG in Aerospace Engineering,271197.52,INR,2875.832741584
France,M.ENG,M.ENG in Agriculture,645319.52,INR,6843.0972539839995
France,M.ENG,M.ENG in Biology,1397251.97,INR,14816.739340273998
France,M.ENG,M.ENG in Biomedical,933440.3,INR,9898.38762926
France,M.ENG,M.ENG in Business Administration,1536041.0,INR,16288.485972199998
France,M.ENG,M.ENG in Energy Engineering,342655.3,INR,3633.5853322599996
France,M.ENG,M.ENG in Food Technology,781654.0,INR,8288.8153468
France,M.ENG,"M.ENG in 
Industrial",454450.0,INR,4819.078689999999
France,M.ENG,M.ENG in Materials,342655.3,INR,3633.5853322599996
France,M.ENG,M.ENG in Nuclear ,1090680.0,INR,11565.788856
France,M.ENG,M.ENG in Production,1136125.0,INR,12047.696725
France,M.ENG,"M.ENG in 
Risk Management",1249737.5,INR,13252.466397499998
France,M.ENG,M.ENG in Texttile,2726700.0,INR,28914.472139999998
France,M.ENG,M.ENG in Transportation,899811.0,INR,9541.7758062
France,M.Sc,M.Sc in Physics,1397251.97,INR,14816.739340273998
France,M.Sc,M.Sc in Chemistry,45445.0,INR,481.90786899999995
France,M.Sc,M.Sc in Biology,45445.0,INR,481.90786899999995
France,M.Sc,M.Sc in Botany,2181360.0,INR,23131.577712
France,M.Sc,M.Sc in Agriculture,3181150.0,INR,33733.55083
France,M.Sc,M.Sc in Security Science,772565.0,INR,8192.433772999999
France,M.Sc,M.Sc in Mathematics,363560.0,INR,3855.2629519999996
France,M.Sc,M.Sc in Business & Finance,1177025.5,INR,12481.4138071
China,MBA,MBA in Finance & Accounting,632314312.0,INR,6705187.4273104
China,MBA,MBA in Business Administration,5580058.06,INR,59172.05167985199
China,MBA,MBA in International Business,1181726.0,INR,12531.2588492
China,MBA,MBA in General Management,889021.56,INR,9427.362426552
China,MBA,MBA in Global Business Management,1251175.13,INR,13267.711313545999
China,MBA,MBA in Executive MBA,1136843.83,INR,12055.319342086
China,MASTERS OF MANAGEMENT,MASTERS OF MANAGEMENT in Marketing,214962.05,INR,2279.5005706099996
China,MASTERS OF MANAGEMENT,MASTERS OF MANAGEMENT in Logistics & Supply Chain ,253983.09,INR,2693.287482978
China,MASTERS OF MANAGEMENT,MASTERS OF MANAGEMENT in International Business ,311706.52,INR,3305.398279384
China,MASTERS OF MANAGEMENT,MASTERS OF MANAGEMENT in Finance,265527.78,INR,2815.709684676
China,MASTERS OF MANAGEMENT,MASTERS OF MANAGEMENT in Hospital/Healthcare Management,4202265.69,INR,44561.665829898004
China,MASTERS OF MANAGEMENT,MASTERS OF MANAGEMENT in Human Resource Management,372893.36,INR,3954.2357681119997
China,MASTERS OF MANAGEMENT,MASTERS OF MANAGEMENT in Risk Management,203186.47,INR,2154.629965174
China,MASTERS OF MANAGEMENT,MASTERS OF MANAGEMENT in Project Management,253983.09,INR,2693.287482978
China,MASTERS OF MANAGEMENT,MASTERS OF MANAGEMENT in Environment,311706.52,INR,3305.398279384
China,MASTERS OF MANAGEMENT,MASTERS OF MANAGEMENT in Finance,184714.98,INR,1958.754590916
China,M.ENG,M.ENG in Mechanical,412672.7,INR,4376.06384534
China,M.ENG,M.ENG in Electrical,1551098.16,INR,16448.155108272
China,M.ENG,"M.ENG in 
Architecture",908534.05,INR,9634.27677301
China,M.ENG,M.ENG in Civil ,1551098.16,INR,16448.155108272
China,M.ENG,M.ENG in Chemical,642000.0,INR,6807.8964
China,M.ENG,M.ENG in Computer Science Engineering,1551206.08,INR,16449.299513536
China,M.ENG,M.ENG in Agriculture,276930.71,INR,2936.628634982
China,M.ENG,M.ENG in Biomedical,433000.0,INR,4591.6186
China,M.ENG,M.ENG in Environmental,253853.15,INR,2691.9095732299998
China,M.ENG,"M.ENG in 
Food Technology",147696.38,INR,1566.201952796
China,M.ENG,M.ENG in Industrial,253853.15,INR,2691.9095732299998
China,M.Sc,M.Sc in Physics,346163.39,INR,3670.785820238
China,M.Sc,M.Sc in Chemistry,403857.29,INR,4282.583474618
China,M.Sc,M.Sc in Biology,4996291.59,INR,52981.675278678
China,M.Sc,M.Sc in Environment,161542.92,INR,1713.033432264
China,M.Sc,M.Sc in Agriculture,253853.15,INR,2691.9095732299998
China,M.Sc,M.Sc in Mathematics,184620.47,INR,1957.752387974
Uk,MBA,MBA in Sales & Marketing,1835358.2,INR,19462.505424439998
Uk,MBA,MBA in Banking,2655936.26,INR,28164.079288291996
Uk,MBA,MBA in Business Administration,4355735.47,INR,46189.090070973994
Uk,MBA,MBA in Human Resource Management,2655936.26,INR,28164.079288291996
Uk,MBA,MBA in International Business,1168611.96,INR,12392.194946231999
Uk,MBA,MBA in Entrepreneurship & Leadership Management,1274849.41,INR,13518.758113521999
Uk,MBA,MBA in Executive MBA,4508000.0,INR,47803.7336
Uk,MASTERS OF MANAGEMENT,MASTERS OF MANAGEMENT in Hotel Management,1563433.71,INR,16578.963747581998
Uk,MASTERS OF MANAGEMENT,MASTERS OF MANAGEMENT in Marketing,2352000.0,INR,24941.0784
Uk,MASTERS OF MANAGEMENT,MASTERS OF MANAGEMENT in Luxury & Brand ,1563576.93,INR,16580.482481106
Uk,MASTERS OF MANAGEMENT,MASTERS OF MANAGEMENT in Logistics & Supply Chain ,2603144.29,INR,27604.262680018
Uk,MASTERS OF MANAGEMENT,MASTERS OF MANAGEMENT in International Business ,1764306.4,INR,18709.05792688
Uk,MASTERS OF MANAGEMENT,MASTERS OF MANAGEMENT in Supply Chain Management,1864671.13,INR,19773.345596745996
Uk,MASTERS OF MANAGEMENT,MASTERS OF MANAGEMENT in Real Estate,1829807.6,INR,19403.64575192
Uk,MASTERS OF MANAGEMENT,MASTERS OF MANAGEMENT in Human Resource Management,2232956.89,INR,23678.721452938
Uk,MASTERS OF MANAGEMENT,"MASTERS OF MANAGEMENT in Sports,Leisure & Tourism",1109294.44,INR,11763.180100647998
Uk,MASTERS OF MANAGEMENT,MASTERS OF MANAGEMENT in Communication,1553012.22,INR,16468.452183324
Uk,MASTERS OF MANAGEMENT,MASTERS OF MANAGEMENT in Banking,1690353.44,INR,17924.845948447997
Uk,MASTERS OF MANAGEMENT,MASTERS OF MANAGEMENT in Digital Marketing,1584706.35,INR,16804.54307667
Uk,MASTERS OF MANAGEMENT,MASTERS OF MANAGEMENT in Project Management,2551377.22,INR,27055.314316324002
Uk,MASTERS OF MANAGEMENT,MASTERS OF MANAGEMENT in Entrepreneurship & Leadership Management,2930200.0,INR,31072.426839999996
Uk,MASTERS OF MANAGEMENT,MASTERS OF MANAGEMENT in Environment,1584706.35,INR,16804.54307667
Uk,MASTERS OF MANAGEMENT,MASTERS OF MANAGEMENT in Fashion,2013210.94,INR,21348.491449947996
Uk,MASTERS OF MANAGEMENT,MASTERS OF MANAGEMENT in Sports,1956584.1,INR,20748.00911322
Uk,MASTERS OF MANAGEMENT,MASTERS OF MANAGEMENT in Stratergic Management,2930200.0,INR,31072.426839999996
Uk,M.ENG,M.ENG in Mechanical,3296189.2,INR,34953.44951464
Uk,M.ENG,M.ENG in Marine,686706.08,INR,7281.968613535999
Uk,M.ENG,M.ENG in Electrical,2218588.89,INR,23526.360307338
Uk,M.ENG,M.ENG in Architecture,2295922.56,INR,24346.422010751998
Uk,M.ENG,M.ENG in Civil Engineering,3296189.2,INR,34953.44951464
Uk,M.ENG,M.ENG in Chemical,3063765.6,INR,32488.78317552
Uk,M.ENG,M.ENG in Computer Engineering,2742598.45,INR,29083.06248349
Uk,M.ENG,M.ENG in Aerospace Engineering,2583071.35,INR,27391.40520967
Uk,M.ENG,M.ENG in Agriculture,2060118.25,INR,21845.90594665
Uk,M.ENG,M.ENG in Biomedical,2186894.76,INR,23190.269413991995
Uk,M.ENG,M.ENG in Energy Engineering,2590466.64,INR,27469.826343888
Uk,M.ENG,M.ENG in Industrial,2720412.56,INR,28847.798868751997
Uk,M.ENG,M.ENG in Materials,2060118.25,INR,21845.90594665
Uk,M.ENG,M.ENG in Textile,1360311.93,INR,14425.019768105998
Uk,M.Sc,M.Sc in Physics,2799647.88,INR,29688.026049095995
Uk,M.Sc,M.Sc in Biotechnology,3026789.12,INR,32096.677186303998
Uk,M.Sc,M.Sc in Chemistry,3074330.31,INR,32600.813473301998
Uk,M.Sc,M.Sc in Biology,2609483.12,INR,27671.480901103998
Uk,M.Sc,M.Sc in Psychology ,3296189.2,INR,34953.44951464
Uk,M.Sc,M.Sc in Business Analytics,3602565.76,INR,38202.32783219199
Uk,M.Sc,M.Sc in Environment,3289319.24,INR,34880.599084808004
Uk,M.Sc,M.Sc in Botany,1603543.13,INR,17004.292059146
Uk,M.Sc,M.Sc in Forensic Science,538000.42,INR,5705.064053764
Uk,M.Sc,M.Sc in Mathematics,2609483.12,INR,27671.480901103998
Uk,M.Sc,M.Sc in Zoology,1420522.03,INR,15063.499710525999
Australia,MBA,MBA in Sales & Marketing,1818006.2,INR,19278.501346039997
Australia,MBA,MBA in Supply Chain & Logistics Management,1625717.08,INR,17239.429059736
Australia,MBA,MBA in Business Administration,2150141.94,INR,22800.535160148
Australia,MBA,MBA in Entrepreneurship & Leadership Management,1362958.37,INR,14453.083147154
Australia,MBA,MBA in Executive MBA,3660048.53,INR,38811.886621825994
Australia,MBA,MBA in Finance,1496795.97,INR,15872.323825074
Australia,MASTERS OF MANAGEMENT,MASTERS OF MANAGEMENT in Hotel Management,1409391.82,INR,14945.472737644
Australia,MASTERS OF MANAGEMENT,MASTERS OF MANAGEMENT in Marketing,1311062.16,INR,13902.765357071998
Australia,MASTERS OF MANAGEMENT,MASTERS OF MANAGEMENT in Logistics & Supply Chain ,1622439.42,INR,17204.672097564
Australia,MASTERS OF MANAGEMENT,MASTERS OF MANAGEMENT in Finance,1606051.15,INR,17030.887604829997
Australia,MASTERS OF MANAGEMENT,MASTERS OF MANAGEMENT in International Business ,1606051.15,INR,17030.887604829997
Australia,MASTERS OF MANAGEMENT,MASTERS OF MANAGEMENT in Supply Chain Management,2040012.72,INR,21632.702885423998
Australia,MASTERS OF MANAGEMENT,MASTERS OF MANAGEMENT in Human Resource Management,2312713.65,INR,24524.478087329997
Australia,MASTERS OF MANAGEMENT,MASTERS OF MANAGEMENT in Banking,2467418.99,INR,26165.004453758
Australia,MASTERS OF MANAGEMENT,MASTERS OF MANAGEMENT in Accounting,2576674.17,INR,27323.568233513997
Australia,MASTERS OF MANAGEMENT,MASTERS OF MANAGEMENT in Communication,2107860.19,INR,22352.171026797998
Australia,MASTERS OF MANAGEMENT,MASTERS OF MANAGEMENT in Business Administration,2312713.65,INR,24524.478087329997
Australia,MASTERS OF MANAGEMENT,MASTERS OF MANAGEMENT in Project Management,2467418.99,INR,26165.004453758
Australia,MASTERS OF MANAGEMENT,MASTERS OF MANAGEMENT in Entrepreneurship & Leadership Management,1468389.62,INR,15571.097208404
Australia,MASTERS OF MANAGEMENT,MASTERS OF MANAGEMENT in Environment,1584200.11,INR,16799.174806462
Australia,M.ENG,M.ENG in Mechanical,2258523.08,INR,23949.830444936
Australia,M.ENG,M.ENG in Electrical,2281248.16,INR,24190.811738272
Australia,M.ENG,M.ENG in Architecture,1627902.18,INR,17262.600297155997
Australia,M.ENG,M.ENG in Civil Engineering,2257430.53,INR,23938.244826225997
Australia,M.ENG,M.ENG in Chemical,1963097.07,INR,20817.073949694
Australia,M.ENG,M.ENG in Computer Engineering,2125013.25,INR,22534.06550565
Australia,M.ENG,M.ENG in Mining,1928353.93,INR,20448.650744505998
Australia,M.ENG,M.ENG in Aerospace Engineering,2125013.25,INR,22534.06550565
Australia,M.ENG,M.ENG in Agriculture,2239731.19,INR,23750.557484997997
Australia,M.ENG,M.ENG in Biological,2258523.08,INR,23949.830444936
Australia,M.ENG,M.ENG in Mechatronics,1928353.93,INR,20448.650744505998
Australia,M.ENG,M.ENG in Energy Engineering,1928353.93,INR,20448.650744505998
Australia,M.ENG,M.ENG in Food Technology,2255026.92,INR,23912.756465063998
Australia,M.ENG,M.ENG in Software,1928353.93,INR,20448.650744505998
Australia,M.Sc,M.Sc in Physics,1911965.65,INR,20274.866145729997
Australia,M.Sc,M.Sc in Chemistry,1518647.0,INR,16104.0365174
Australia,M.Sc,"M.Sc in 
Biology",2346801.27,INR,24885.950027333998
Australia,M.Sc,M.Sc in Psychology ,2256775.0,INR,23931.293455
Australia,M.Sc,M.Sc in Environment,2346801.27,INR,24885.950027333998
Australia,M.Sc,M.Sc in Agriculture,2181607.43,INR,23134.201509206
Australia,M.Sc,M.Sc in Mathematics,2004832.55,INR,21259.64532671
Australia,M.Sc,M.Sc in Communication,1811887.91,INR,19213.621775221996
Russia,MBA,MBA in Executive MBA,1158602.0,INR,12286.0473284
Russia,MBA,MBA in Finance,376483.0,INR,3992.3010286
Russia,MASTERS OF MANAGEMENT,MASTER OF MANAGEMENT in Marketing,209728.83,INR,2224.0064590859997
Russia,MASTERS OF MANAGEMENT,MASTER OF MANAGEMENT in Management,207017.98,INR,2195.260063516
Russia,MASTERS OF MANAGEMENT,MASTER OF MANAGEMENT in Finance,367861.29,INR,3900.8746914179997
Russia,MASTERS OF MANAGEMENT,MASTER OF MANAGEMENT in International Business,494819.06,INR,5247.160276052
Russia,MASTERS OF MANAGEMENT,MASTER OF MANAGEMENT in Business Administration,138524.04,INR,1468.936624968
Russia,MASTERS OF MANAGEMENT,MASTER OF MANAGEMENT in Economics,456686.55,INR,4842.795513509999
Russia,MASTERS OF MANAGEMENT,MASTER OF MANAGEMENT in Commerce,467981.73,INR,4962.571861265999
Russia,M.ENG,M.ENG in Electrical,373373.33,INR,3959.325465986
Russia,M.ENG,M.ENG in Civil Engineering,369397.43,INR,3917.164227206
Russia,M.ENG,M.ENG in Computer Engineering,316264.92,INR,3353.7364646639994
Russia,M.ENG,M.ENG in Biology,271084.22,INR,2874.6312857239996
Russia,M.ENG,M.ENG in Biomedical,292319.15,INR,3099.81073043
Russia,M.ENG,M.ENG in Mechatronics,316264.92,INR,3353.7364646639994
Russia,M.ENG,M.ENG in Nanotechnology,355120.33,INR,3765.767003386
Russia,M.ENG,M.ENG in Nuclear,369397.43,INR,3917.164227206
Russia,M.Sc,M.Sc in Physics,250120.37,INR,2652.326427554
Russia,M.Sc,M.Sc in Chemistry,105632.48,INR,1120.147944416
Russia,M.Sc,M.Sc in Biology,307228.78,INR,3257.915428876
Russia,M.Sc,M.Sc in Psychology ,195993.89,INR,2078.358408338
Russia,M.Sc,M.Sc in Mathematics,406174.52,INR,4307.155844984
Singapore,MBA,MBA in Banking,1391179.27,INR,14752.343214933999
Singapore,MBA,MBA in Business Administration,2086768.9,INR,22128.51476938
Singapore,MBA,MBA in Supplychain & Logistics Management,1623042.48,INR,17211.067066416
Singapore,MBA,MBA in Executive MBA,5881710.3,INR,62370.83236325999
Singapore,MBA,MBA in Finance,1411610.47,INR,14968.999745973999
Singapore,MBA,MBA in Marketing,1457425.9,INR,15454.835728779997
Singapore,MASTERS OF MANAGEMENT,MASTERS OF MANAGEMENT in Hotel Management,1647683.75,INR,17472.36802175
Singapore,MASTERS OF MANAGEMENT,MASTERS OF MANAGEMENT in Marketing,1552585.78,INR,16463.930128276
Singapore,MASTERS OF MANAGEMENT,MASTERS OF MANAGEMENT in Logistics & Supply Chain ,1604778.22,INR,17017.389200523998
Singapore,MASTERS OF MANAGEMENT,MASTERS OF MANAGEMENT in Finance,1552585.78,INR,16463.930128276
Singapore,MASTERS OF MANAGEMENT,MASTERS OF MANAGEMENT in International Business ,1997057.34,INR,21177.195444828
Singapore,MASTERS OF MANAGEMENT,MASTERS OF MANAGEMENT in Supply Chain Management,1647683.75,INR,17472.36802175
Singapore,MASTERS OF MANAGEMENT,MASTERS OF MANAGEMENT in Hospital/Healthcare Management,1454763.65,INR,15426.604697329998
Singapore,MASTERS OF MANAGEMENT,MASTERS OF MANAGEMENT in Retail,684383.43,INR,7257.338768406
Singapore,MASTERS OF MANAGEMENT,MASTERS OF MANAGEMENT in Human Resource Management,1281903.28,INR,13593.558761776
Singapore,MASTERS OF MANAGEMENT,MASTERS OF MANAGEMENT in Aviation,1647683.75,INR,17472.36802175
Singapore,MASTERS OF MANAGEMENT,MASTERS OF MANAGEMENT in Accounting,2086768.9,INR,22128.51476938
Singapore,MASTERS OF MANAGEMENT,MASTERS OF MANAGEMENT in Commerce,4624881.68,INR,49043.170311056
Singapore,MASTERS OF MANAGEMENT,MASTERS OF MANAGEMENT in Operations,1647683.75,INR,17472.36802175
Singapore,MASTERS OF MANAGEMENT,MASTERS OF MANAGEMENT in Communication,1967586.88,INR,20864.684792895998
Singapore,MASTERS OF MANAGEMENT,MASTERS OF MANAGEMENT in Entrepreneurship & Leadership Management,650083.77,INR,6893.618313834
Singapore,MASTERS OF MANAGEMENT,MASTERS OF MANAGEMENT in Project Management,2057979.48,INR,21823.226001815998
Singapore,M.ENG,M.ENG in Mechanical,1666629.05,INR,17673.26777201
Singapore,M.ENG,M.ENG in Electrical,744624.52,INR,7896.147334984
Singapore,M.ENG,M.ENG in Architecture,1666629.05,INR,17673.26777201
Singapore,M.ENG,M.ENG in Civil Engineering,2358875.39,INR,25013.986410638
Singapore,M.ENG,M.ENG in Computer Engineering,2285756.45,INR,24238.61854709
Singapore,M.ENG,M.ENG in Aerospace Engineering,1647683.75,INR,17472.36802175
Singapore,M.ENG,M.ENG in Biomedical,1666629.05,INR,17673.26777201
Singapore,M.ENG,M.ENG in Energy Engineering,2474280.74,INR,26237.767823108003
Singapore,M.ENG,M.ENG in Mechatronics,594362.3,INR,6302.73670166
Singapore,M.Sc,M.Sc in Biology,817062.43,INR,8664.293420206
Italy,MBA,MBA in Business Administration,904770.0,INR,9594.362034
Italy,MBA,MBA in International Business,1664776.0,INR,17653.617659199997
Italy,MBA,MBA in Operations,904770.0,INR,9594.362034
Italy,MASTERS OF MANAGEMENT,MASTERS OF MANAGEMENT in Hotel Management,102600.0,INR,1087.99092
Italy,MASTERS OF MANAGEMENT,MASTERS OF MANAGEMENT in Marketing,1150324.0,INR,12198.265760799999
Italy,MASTERS OF MANAGEMENT,MASTERS OF MANAGEMENT in Luxury And Brand,1221439.0,INR,12952.3834438
Italy,MASTERS OF MANAGEMENT,MASTERS OF MANAGEMENT in Global Business Management,832388.0,INR,8826.808829599999
Italy,MASTERS OF MANAGEMENT,MASTERS OF MANAGEMENT in Finance,264645.0,INR,2806.348509
Italy,MASTERS OF MANAGEMENT,MASTERS OF MANAGEMENT in International Business,993437.0,INR,10534.6046354
Italy,MASTERS OF MANAGEMENT,MASTERS OF MANAGEMENT in Supply Chain Management,1311916.0,INR,13911.8196472
Italy,MASTERS OF MANAGEMENT,MASTERS OF MANAGEMENT in Human Resource Management,1311916.5,INR,13911.824949299998
Italy,MASTERS OF MANAGEMENT,MASTERS OF MANAGEMENT in Tourism Management,384527.25,INR,4077.60386445
Italy,MASTERS OF MANAGEMENT,MASTERS OF MANAGEMENT in Operations,904770.0,INR,9594.362034
Italy,MASTERS OF MANAGEMENT,MASTERS OF MANAGEMENT in Project Management,1311916.0,INR,13911.8196472
Italy,MASTERS OF MANAGEMENT,MASTERS OF MANAGEMENT in Communication,1872873.0,INR,19860.3198666
Italy,MASTERS OF MANAGEMENT,MASTERS OF MANAGEMENT in Data Analysis,993437.46,INR,10534.609513332
Italy,MASTERS OF MANAGEMENT,MASTERS OF MANAGEMENT in Digital Marketing,1311916.5,INR,13911.824949299998
Italy,MASTERS OF MANAGEMENT,MASTERS OF MANAGEMENT in ENTREPRENEURSHIP AND LEADERSHIP,121601.09,INR,1289.482278578
Italy,MASTERS OF MANAGEMENT,MASTERS OF MANAGEMENT in Environment,121601.09,INR,1289.482278578
Italy,MASTERS OF MANAGEMENT,MASTERS OF MANAGEMENT in Fashion Management,1890969.3,INR,20052.21665106
Italy,MASTERS OF MANAGEMENT,MASTERS OF MANAGEMENT in Luxury And Brand,1890969.3,INR,20052.21665106
Italy,MASTERS OF MANAGEMENT,MASTERS OF MANAGEMENT in Sports,1311916.5,INR,13911.824949299998
Italy,M.ENG,M.ENG in Mechanical,904770.0,INR,9594.362034
Italy,M.ENG,M.ENG in Electrical,234878.29,INR,2490.696362818
Italy,M.ENG,M.ENG in Architechture,904770.0,INR,9594.362034
Italy,M.ENG,"M.ENG in 
Civil",264645.23,INR,2806.3509479659997
Italy,M.ENG,M.ENG in IT & Networking,271431.0,INR,2878.3086101999997
Italy,M.ENG,M.ENG in Chemical,904770.0,INR,9594.362034
Italy,M.ENG,M.ENG in Computer Science Engineering,904770.0,INR,9594.362034
Italy,M.ENG,M.ENG in Aerospace Engineering,904770.0,INR,9594.362034
Italy,M.ENG,M.ENG in Biomedical,904770.0,INR,9594.362034
Italy,M.ENG,M.ENG in Electrical,904770.0,INR,9594.362034
Italy,M.ENG,M.ENG in Energy & Environment,542040.0,INR,5747.900568
Italy,M.ENG,M.ENG in Food Technology,343292.0,INR,3640.3370264
Italy,M.ENG,M.ENG in Industrial,235064.68,INR,2492.6728796559996
Italy,M.ENG,M.ENG in Materials,406530.0,INR,4310.925426
Italy,M.ENG,M.ENG in Mechatronics,442666.0,INR,4694.1187972
Italy,M.ENG,M.ENG in Nanotechnology,352326.0,INR,3736.1353692
Italy,M.ENG,M.ENG in Nuclear,316190.0,INR,3352.941998
Italy,M.ENG,M.ENG in Production,406530.0,INR,4310.925426
Italy,M.Sc,M.Sc in Physics,406530.0,INR,4310.925426
Italy,M.Sc,M.Sc in Chemistry,271020.0,INR,2873.950284
Italy,M.Sc,M.Sc in Biology,252952.0,INR,2682.3535984
Italy,M.Sc,M.Sc in Environment,623346.0,INR,6610.0856532
Italy,M.Sc,M.Sc in Mathematics,442666.0,INR,4694.1187972
Belgium,MBA,MBA in Business Administartion,3524922.18,INR,37378.979781156
Belgium,MBA,MBA in Supply Chain And Logistic,1170605.01,INR,12413.329647042
Belgium,MBA,MBA in Executive MBA,3524922.18,INR,37378.979781156
Belgium,MASTERS OF MANAGEMENT,MASTERS OF MANAGEMENT in Marketing,1355913.14,INR,14378.374119187998
Belgium,MASTERS OF MANAGEMENT,MASTERS OF MANAGEMENT in Management,1170605.01,INR,12413.329647042
Belgium,MASTERS OF MANAGEMENT,MASTERS OF MANAGEMENT in General Management,3524922.18,INR,37378.979781156
Belgium,MASTERS OF MANAGEMENT,MASTERS OF MANAGEMENT in Global Management,1170605.01,INR,12413.329647042
Belgium,MASTERS OF MANAGEMENT,"MASTERS OF MANAGEMENT in 
Finance",1170605.01,INR,12413.329647042
Belgium,MASTERS OF MANAGEMENT,MASTERS OF MANAGEMENT in International Business,1373991.98,INR,14570.085754315998
Belgium,MASTERS OF MANAGEMENT,"MASTERS OF MANAGEMENT in 
Information Technology",158189.87,INR,1677.477019454
Belgium,MASTERS OF MANAGEMENT,MASTERS OF MANAGEMENT in Business Administartion,1310716.03,INR,13899.094925325999
Belgium,MASTERS OF MANAGEMENT,MASTERS OF MANAGEMENT in Economics College,3663677.3,INR,38850.36682466
Belgium,MASTERS OF MANAGEMENT,MASTERS OF MANAGEMENT in Entreprenuer and Leadership,1309930.0,INR,13890.759705999999
Belgium,M.ENG,M.ENG in Mechanical,504097.2,INR,5345.54752824
Belgium,M.ENG,M.ENG in Electrical,594437.2,INR,6303.530956239999
Belgium,M.ENG,M.ENG in Architecture,316190.0,INR,3352.941998
Belgium,M.ENG,M.ENG in Civil,130993.0,INR,1389.0759706
Belgium,M.ENG,M.ENG in Chemical,542040.0,INR,5747.900568
Belgium,M.ENG,M.ENG in Agriculture,130993.0,INR,1389.0759706
Belgium,M.ENG,M.ENG in Biology,311673.0,INR,3305.0428266
Belgium,M.ENG,M.ENG in Biomedical,542040.0,INR,5747.900568
Belgium,M.ENG,M.ENG in Materials,542040.0,INR,5747.900568
Belgium,M.ENG,M.ENG in Nuclear,80402.6,INR,852.60525092
Belgium,M.Sc,M.Sc in Physics,81848.04,INR,867.9329857679999
Belgium,M.Sc,M.Sc in Chemistry,172188.04,INR,1825.916413768
Belgium,M.Sc,M.Sc in Biology,130993.0,INR,1389.0759706
Belgium,M.Sc,M.Sc in Psychology ,130993.0,INR,1389.0759706
Belgium,M.Sc,M.Sc in Environment,90340.0,INR,957.9834279999999
Belgium,M.Sc,M.Sc in Data Analysis,102084.2,INR,1082.52127364
